OBJECTID,Card,COUNT,AREA,MIN,MAX,RANGE,MEAN,STD,SUM,MEDIAN,PCT90
1,1589,3,2700,0.036772083,0.286235064,0.249462981,0.136749105,0.107691832,0.410247315,0.087240167,0.246436085
2,1590,3,2700,0.349148989,0.551708043,0.202559054,0.449867477,0.082698194,1.349602431,0.4487454,0.531115514
3,1602,3,2700,0.265809327,0.334890336,0.069081008,0.289050351,0.032414824,0.867151052,0.266451389,0.321202546
4,1612,3,2700,0.588736236,0.678111851,0.089375615,0.637624522,0.036967844,1.912873566,0.646025479,0.671694577
5,1615,3,2700,0.174210727,0.300933033,0.126722306,0.240181024,0.051865587,0.720543072,0.245399311,0.289826289
6,1625,3,2700,0.193711624,0.282071263,0.088359639,0.247591689,0.038593098,0.742775068,0.266992182,0.279055446
7,1627,4,3600,-0.019599624,0.116736338,0.136335962,0.052248173,0.055177852,0.208992692,0.055927989,0.109779716
8,1631,3,2700,0.1556779,0.32591942,0.17024152,0.257126098,0.073236145,0.771378294,0.289780974,0.31869173
9,1634,4,3600,0.278548717,0.48379311,0.205244392,0.386201002,0.081040205,1.544804007,0.39123109,0.471182999
10,1635,4,3600,0.210034326,0.428423494,0.218389168,0.325854901,0.094272549,1.303419605,0.332480893,0.422415757
11,1637,3,2700,0.419838637,0.430446804,0.010608166,0.42577527,0.004422191,1.277325809,0.427040368,0.429765517
12,1640,3,2700,0.154636636,0.210616633,0.055979997,0.178049564,0.023752736,0.534148693,0.168895423,0.202272391
13,1647,4,3600,0.388259411,0.462238461,0.07397905,0.424339987,0.034663957,1.697359949,0.423431039,0.460239741
14,1648,3,2700,0.543232799,0.590655863,0.047423065,0.561243435,0.020972004,1.683730304,0.549841642,0.582493019
15,1649,4,3600,0.242084593,0.393300653,0.15121606,0.334911793,0.062239353,1.339647174,0.352130964,0.392325643
16,1651,3,2700,0.093273588,0.145514011,0.052240424,0.125722639,0.023129031,0.377167918,0.138380319,0.144087273
17,1662,4,3600,0.042972121,0.197792783,0.154820662,0.094513602,0.060570849,0.378054406,0.068644751,0.159836484
18,1663,3,2700,0.068103358,0.127534926,0.059431568,0.105604768,0.02664427,0.316814303,0.121176019,0.126263145
19,1665,2,1800,0.568023205,0.605547905,0.0375247,0.586785555,0.01876235,1.17357111,0.586785555,0.601795435
20,1666,4,3600,0.261372775,0.529591322,0.268218547,0.417919241,0.11369436,1.671676964,0.440356433,0.527669591
21,1672,2,1800,0.230818942,0.311334699,0.080515757,0.271076821,0.040257879,0.542153642,0.271076821,0.303283124
22,1674,3,2700,0.52873987,0.659915805,0.131175935,0.588266393,0.05423409,1.764799178,0.576143503,0.643161345
23,1675,3,2700,0.304903537,0.351485699,0.046582162,0.320917447,0.02162323,0.962752342,0.306363106,0.342461181
24,1678,3,2700,0.541304588,0.684831619,0.143527031,0.631066402,0.063884366,1.893199205,0.667062998,0.681277895
25,1679,2,1800,0.06239628,0.100564048,0.038167767,0.081480164,0.019083884,0.162960328,0.081480164,0.096747271
26,1685,3,2700,0.398937553,0.471851319,0.072913766,0.434249202,0.029810949,1.302747607,0.431958735,0.463872802
27,1686,4,3600,0.575883687,0.646010816,0.07012713,0.604761526,0.0281111,2.419046104,0.598575801,0.636750615
28,1701,3,2700,0.100121871,0.134089038,0.033967167,0.113716451,0.014671927,0.341149352,0.106938444,0.128658919
29,1702,2,1800,0.24310194,0.275066316,0.031964377,0.259084128,0.015982188,0.518168256,0.259084128,0.271869878
30,1705,2,1800,0.424782097,0.529195964,0.104413867,0.476989031,0.052206933,0.953978062,0.476989031,0.518754578
31,1706,3,2700,0.324730814,0.360599667,0.035868853,0.346515298,0.0156229,1.039545894,0.354215413,0.359322816
32,1707,2,1800,0.561070561,0.619400561,0.058329999,0.590235561,0.029165,1.180471122,0.590235561,0.613567561
33,1708,3,2700,0.557844877,0.704588652,0.146743774,0.647331595,0.064096267,1.941994786,0.679561257,0.699583173
34,1723,4,3600,0.42004326,0.490466297,0.070423037,0.459813245,0.027023919,1.839252979,0.464371711,0.486653599
35,1724,4,3600,0.088263698,0.24684675,0.158583052,0.171924198,0.058948976,0.687696792,0.176293172,0.233178526
36,1738,2,1800,0.305176705,0.329585016,0.024408311,0.31738086,0.012204155,0.634761721,0.31738086,0.327144185
37,1739,3,2700,0.20636408,0.313533366,0.107169285,0.247820581,0.046993542,0.743461743,0.223564297,0.295539552
38,1754,3,2700,0.410855502,0.464900076,0.054044574,0.431767176,0.023695609,1.295301527,0.419545949,0.455829251
39,1757,4,3600,0.110397257,0.239445746,0.129048489,0.182983184,0.047104717,0.731932737,0.191044867,0.228529844
40,1759,4,3600,0.093122795,0.141737983,0.048615187,0.123505622,0.019134929,0.494022489,0.129580855,0.140557694
41,1760,4,3600,0.04783931,0.110482335,0.062643025,0.067538789,0.02518199,0.270155154,0.055916755,0.095352671
42,1761,3,2700,0.570376813,0.737393677,0.167016864,0.648437063,0.068618298,1.945311189,0.637540698,0.717423081
43,1770,3,2700,0.183421612,0.367301643,0.183880031,0.290752709,0.078160615,0.872258127,0.321534872,0.358148289
44,1771,3,2700,0.225833073,0.250406504,0.02457343,0.237830187,0.010040418,0.713490561,0.237250984,0.2477754
45,1772,3,2700,0.299042851,0.349142224,0.050099373,0.326631685,0.020765815,0.979895055,0.331709981,0.345655775
46,1789,3,2700,0.084183611,0.136903793,0.052720182,0.115586889,0.022673856,0.346760668,0.125673264,0.134657687
47,1791,3,2700,0.220165327,0.274104178,0.053938851,0.249734784,0.022325328,0.749204352,0.254934847,0.270270312
48,1792,3,2700,0.140546903,0.542666674,0.402119771,0.384951229,0.175235649,1.154853687,0.47164011,0.528461361
49,1793,2,1800,0.274031878,0.319227278,0.045195401,0.296629578,0.0225977,0.593259156,0.296629578,0.314707738
50,1794,3,2700,0.58050102,0.681581259,0.101080239,0.638552686,0.042611216,1.915658057,0.653575778,0.675980163
51,1795,2,1800,0.165722385,0.209726155,0.04400377,0.18772427,0.022001885,0.37544854,0.18772427,0.205325778
52,1796,2,1800,0.221323505,0.237608209,0.016284704,0.229465857,0.008142352,0.458931714,0.229465857,0.235979739
53,1798,3,2700,0.301423401,0.394792259,0.093368858,0.361850023,0.042786131,1.08555007,0.38933441,0.393700689
54,1805,3,2700,0.268091768,0.398868918,0.13077715,0.328925739,0.053776693,0.986777216,0.31981653,0.383058441
55,1816,4,3600,0.107352339,0.288646221,0.181293882,0.198196048,0.089874383,0.792784192,0.198392816,0.288298607
56,1825,3,2700,0.113252811,0.19721061,0.083957799,0.158309676,0.034550925,0.474929027,0.164465606,0.190661609
57,1831,4,3600,-0.02087637,0.012180488,0.033056858,-0.005940919,0.014778711,-0.023763677,-0.007533897,0.010043748
58,1833,2,1800,0.317409545,0.348131984,0.030722439,0.332770765,0.01536122,0.66554153,0.332770765,0.345059741
59,1835,3,2700,0.453542322,0.574994087,0.121451765,0.5053868,0.051148613,1.516160399,0.48762399,0.557520068
60,1836,2,1800,-0.023232797,-0.000575191,0.022657606,-0.011903994,0.011328803,-0.023807989,-0.011903994,-0.002840952
61,1840,3,2700,0.097868919,0.24755913,0.149690211,0.158632949,0.064273478,0.475898847,0.130470797,0.224141464
62,1844,3,2700,0.240436032,0.267459244,0.027023211,0.253535981,0.01104753,0.760607943,0.252712667,0.264509928
63,1845,3,2700,0.351914823,0.38513124,0.033216417,0.369700213,0.013662354,1.10910064,0.372054577,0.382515907
64,1876,4,3600,0.135116965,0.466147065,0.331030101,0.25985004,0.124861702,1.03940016,0.219068065,0.398452879
65,1889,3,2700,0.417012334,0.551822305,0.134809971,0.473463227,0.057174636,1.420389682,0.451555043,0.531768852
66,1916,3,2700,0.078003362,0.168248281,0.090244919,0.128168593,0.037526213,0.384505779,0.138254136,0.162249452
67,1931,3,2700,0.579476595,0.631254435,0.05177784,0.605154276,0.021140325,1.815462828,0.604731798,0.625949907
68,1936,2,1800,0.033762887,0.047289014,0.013526127,0.04052595,0.006763063,0.081051901,0.04052595,0.045936401
69,1942,4,3600,-0.00918428,0.008902927,0.018087207,-0.001967734,0.007068667,-0.007870937,-0.003794792,0.006109592
70,1979,3,2700,0.459963232,0.482019007,0.022055775,0.471973201,0.009110717,1.415919602,0.473937362,0.480402678
71,1981,2,1800,0.424702644,0.455909491,0.031206846,0.440306067,0.015603423,0.880612135,0.440306067,0.452788806
72,1982,3,2700,0.259411663,0.427551121,0.168139458,0.325877676,0.073017768,0.977633029,0.290670246,0.400174946
73,2034,3,2700,0.384908706,0.574257195,0.189348489,0.491743515,0.079191121,1.475230545,0.516064644,0.562618685
74,2035,3,2700,0.287770241,0.439472526,0.151702285,0.369308253,0.062452207,1.107924759,0.380681992,0.427714419
75,2041,3,2700,0.410839856,0.432169795,0.021329939,0.424557199,0.00971914,1.273671597,0.430661947,0.431868225
76,2042,3,2700,0.044322509,0.168116316,0.123793807,0.090356695,0.055293786,0.271070085,0.05863126,0.146219305
77,2043,3,2700,0.097968876,0.132827982,0.034859106,0.119399453,0.015314784,0.35819836,0.127401501,0.131742686
78,2107,2,1800,0.564002037,0.599776804,0.035774767,0.581889421,0.017887384,1.163778841,0.581889421,0.596199328
79,2108,4,3600,0.161134392,0.29202649,0.130892098,0.247675158,0.051096858,0.990700632,0.268769875,0.287141311
80,2111,4,3600,0.221222579,0.31707269,0.09585011,0.264963415,0.035998302,1.059853658,0.260779195,0.305021337
81,2113,3,2700,0.265721112,0.306151956,0.040430844,0.279452085,0.018882223,0.838356256,0.266483188,0.298218203
82,2115,2,1800,0.417411685,0.456533939,0.039122254,0.436972812,0.019561127,0.873945624,0.436972812,0.452621713
83,2155,3,2700,0.181858584,0.238067642,0.056209058,0.213550314,0.023501327,0.640650943,0.220724717,0.234599057
84,2158,2,1800,0.005937965,0.019588707,0.013650742,0.012763336,0.006825371,0.025526672,0.012763336,0.018223633
85,2159,3,2700,0.732365608,0.804086924,0.071721315,0.761377394,0.030840535,2.284132183,0.747679651,0.792805469
86,2163,3,2700,0.459963232,0.482019007,0.022055775,0.471973201,0.009110717,1.415919602,0.473937362,0.480402678
87,2195,3,2700,0.432376355,0.549092889,0.116716534,0.482342819,0.049105019,1.447028458,0.465559214,0.532386154
88,2200,3,2700,0.340441853,0.528015375,0.187573522,0.425906877,0.077475633,1.27772063,0.409263402,0.504264981
89,2202,3,2700,0.181243613,0.326137245,0.144893631,0.24457029,0.060542392,0.73371087,0.226330012,0.306175798
90,2205,3,2700,0.147444084,0.211585477,0.064141393,0.185581878,0.027555502,0.556745633,0.197716072,0.208811596
91,2208,3,2700,-0.018630777,0.002405197,0.021035973,-0.010666454,0.009316352,-0.031999361,-0.015773781,-0.001230599
92,2210,3,2700,0.208478287,0.301638514,0.093160227,0.255925809,0.038052281,0.767777428,0.257660627,0.292842937
93,2211,2,1800,0.589774489,0.688780308,0.099005818,0.639277399,0.049502909,1.278554797,0.639277399,0.678879726
94,2212,2,1800,0.309364676,0.360923678,0.051559001,0.335144177,0.025779501,0.670288354,0.335144177,0.355767778
95,2213,2,1800,0.102739543,0.174410224,0.071670681,0.138574883,0.035835341,0.277149767,0.138574883,0.167243156
96,2251,3,2700,0.171134219,0.274020374,0.102886155,0.236722703,0.046523598,0.710168108,0.265013516,0.272219002
97,2253,2,1800,-0.064248294,-0.057763457,0.006484836,-0.061005875,0.003242418,-0.122011751,-0.061005875,-0.058411941
98,2269,2,1800,0.056122489,0.069293946,0.013171457,0.062708218,0.006585728,0.125416435,0.062708218,0.0679768
99,2271,4,3600,-0.012155053,-0.005782319,0.006372734,-0.009261296,0.002312923,-0.037045185,-0.009553906,-0.006730071
100,2272,3,2700,0.237798229,0.293442547,0.055644318,0.273413613,0.025249101,0.82024084,0.289000064,0.292554051
101,2311,2,1800,0.351280242,0.597784936,0.246504694,0.474532589,0.123252347,0.949065179,0.474532589,0.573134467
102,2312,3,2700,0.345800668,0.43592307,0.090122402,0.384998629,0.037715112,1.154995888,0.373272151,0.423392886
103,2317,4,3600,0.281464219,0.361380756,0.079916537,0.320866942,0.036019276,1.28346777,0.320311397,0.358534896
104,2318,2,1800,0.359826297,0.433027059,0.073200762,0.396426678,0.036600381,0.792853355,0.396426678,0.425706983
105,2334,3,2700,-0.03392902,-0.02844879,0.00548023,-0.030727861,0.002330367,-0.092183584,-0.029805774,-0.028720187
106,2336,3,2700,0.596212149,0.687409282,0.091197133,0.647473594,0.038082663,1.942420781,0.65879935,0.681687295
107,2378,2,1800,0.413469136,0.437477261,0.024008125,0.425473198,0.012004063,0.850946397,0.425473198,0.435076448
108,2379,4,3600,0.212521568,0.412210435,0.199688867,0.289266359,0.075051446,1.157065436,0.266166717,0.372940525
109,2380,4,3600,0.110533215,0.168885216,0.058352001,0.135127528,0.021413845,0.540510111,0.13054584,0.158849503
110,2412,2,1800,0.574509144,0.680527568,0.106018424,0.627518356,0.053009212,1.255036712,0.627518356,0.669925725
111,2414,3,2700,0.035442814,0.080850571,0.045407757,0.059165029,0.018593496,0.177495088,0.061201703,0.076920798
112,2460,2,1800,0.580000937,0.687849462,0.107848525,0.6339252,0.053924263,1.267850399,0.6339252,0.67706461
113,2523,2,1800,0.089806542,0.120697394,0.030890852,0.105251968,0.015445426,0.210503936,0.105251968,0.117608309
114,2626,4,3600,0.267150968,0.465366751,0.198215783,0.366770342,0.079273342,1.467081368,0.367281824,0.451660895
115,2644,3,2700,0.233578742,0.323198378,0.089619637,0.272646646,0.037477358,0.817939937,0.261162817,0.310791266
116,2646,3,2700,0.076451533,0.131927744,0.055476211,0.10536698,0.022709189,0.31610094,0.107721664,0.127086528
117,2647,3,2700,0.548374116,0.720945895,0.172571778,0.625565251,0.071616564,1.876695752,0.607375741,0.698231864
118,2662,3,2700,-0.045070712,0.049285069,0.094355781,-0.008456413,0.041316032,-0.02536924,-0.029583598,0.033511336
119,2664,3,2700,0.488382429,0.695933044,0.207550615,0.593466928,0.08475241,1.780400783,0.59608531,0.675963497
120,1511,2,1800,0.214783177,0.216615796,0.001832619,0.215699486,0.00091631,0.431398973,0.215699486,0.216432534
121,13,3,2700,0.341329694,0.531202614,0.189872921,0.445652902,0.078643773,1.336958706,0.464426398,0.517847371
122,20,4,3600,0.21775651,0.634968221,0.417211711,0.394513346,0.153049069,1.578053385,0.362664327,0.564105815
123,1653,4,3600,0.028162835,0.183075771,0.154912936,0.140470378,0.065043896,0.561881511,0.175321452,0.182465452
124,1564,3,2700,0.256625473,0.320023358,0.063397884,0.286889811,0.025961474,0.860669434,0.284020603,0.312822807
125,1476,4,3600,0.446541309,0.49791652,0.05137521,0.47110372,0.023160212,1.884414881,0.469978526,0.495612663
126,1479,3,2700,0.36410138,0.436434418,0.072333038,0.396008879,0.030137848,1.188026637,0.387490839,0.426645702
127,1481,3,2700,0.128603145,0.45887199,0.330268845,0.309716597,0.136712266,0.929149792,0.341674656,0.435432523
128,1485,3,2700,0.502657115,0.564856887,0.062199771,0.536528627,0.025693691,1.609585881,0.542071879,0.560299885
129,1498,3,2700,0.448856443,0.515838206,0.066981763,0.481394758,0.027378353,1.444184273,0.479489625,0.50856849
130,1505,2,1800,0.246403664,0.356386364,0.109982699,0.301395014,0.05499135,0.602790028,0.301395014,0.345388094
131,1510,4,3600,0.331254184,0.415532023,0.084277838,0.370707542,0.029960654,1.482830167,0.36802198,0.401961046
132,1518,4,3600,0.151726604,0.294514745,0.142788142,0.212938055,0.053263507,0.851752222,0.202755436,0.272753805
133,1522,4,3600,0.134866059,0.182889417,0.048023358,0.166988872,0.018820928,0.667955488,0.175100006,0.180720422
134,1527,3,2700,0.334149539,0.437297553,0.103148013,0.391799092,0.042977629,1.175397277,0.403950185,0.430628079
135,1529,3,2700,0.274070978,0.282020867,0.007949889,0.277873198,0.003254708,0.833619595,0.27752775,0.281122243
136,1542,3,2700,0.321003288,0.472841114,0.151837826,0.419755727,0.069894163,1.259267181,0.465422779,0.471357447
137,1544,3,2700,0.618048012,0.66871959,0.050671577,0.648930609,0.022123945,1.946791828,0.660024226,0.666980517
138,1552,4,3600,0.200230524,0.361570656,0.161340132,0.27169146,0.059606803,1.086765841,0.26248233,0.338055435
139,1562,3,2700,0.623401046,0.684556842,0.061155796,0.652406693,0.025065564,1.957220078,0.64926219,0.677497911
140,1430,4,3600,-0.182591304,-0.099973194,0.08261811,-0.136298129,0.030039784,-0.545192517,-0.131314009,-0.107282815
141,1438,4,3600,0.052026618,0.163804352,0.111777734,0.118806559,0.045217868,0.475226235,0.129697632,0.16166964
142,1440,4,3600,0.102541499,0.216724381,0.114182882,0.168727448,0.042707593,0.674909793,0.177821957,0.209533852
143,1450,4,3600,-0.024777424,0.077790305,0.102567729,0.023661856,0.036779714,0.094647422,0.020817271,0.063008134
144,1460,6,5400,-0.017251184,0.21875982,0.236011004,0.123687882,0.074330403,0.742127294,0.139122263,0.195797808
145,1461,4,3600,-0.111977965,-0.059814021,0.052163944,-0.093471164,0.02122795,-0.373884656,-0.101046335,-0.06909188
146,1467,6,5400,-0.273938388,-0.016698645,0.257239742,-0.146391213,0.094013926,-0.87834728,-0.128973663,-0.043727444
147,814,4,3600,0.228870675,0.376730412,0.147859737,0.303691421,0.058893941,1.214765683,0.304582298,0.36658729
148,1478,4,3600,0.23605904,0.31752941,0.08147037,0.273567338,0.033155396,1.09426935,0.27034045,0.310203108
149,1482,3,2700,0.042570058,0.101509556,0.058939498,0.063880257,0.026685837,0.191640772,0.047561157,0.090719876
150,1487,3,2700,0.042570058,0.101509556,0.058939498,0.062216558,0.027784346,0.186649673,0.042570058,0.089721657
151,1507,3,2700,0.305372715,0.371542484,0.066169769,0.346620232,0.029376808,1.039860696,0.362945497,0.369823086
152,1508,3,2700,0.415901959,0.493840069,0.07793811,0.467103183,0.036216618,1.40130955,0.491567522,0.493385559
153,1526,4,3600,-0.191352531,-0.165612191,0.02574034,-0.183182761,0.010278161,-0.732731044,-0.187883161,-0.171931936
154,1535,2,1800,0.369597882,0.388500452,0.01890257,0.379049167,0.009451285,0.758098334,0.379049167,0.386610195
155,1538,3,2700,0.104974926,0.169186786,0.06421186,0.138186256,0.026260953,0.414558768,0.140397057,0.16342884
156,1539,4,3600,0.062420405,0.122137204,0.059716798,0.082942003,0.023695069,0.331768014,0.073605202,0.109843285
157,1540,3,2700,0.105998255,0.140445367,0.034447111,0.118172698,0.015771948,0.354518093,0.108074471,0.133971187
158,1554,4,3600,0.175323322,0.215966195,0.040642872,0.193335801,0.017272372,0.773343205,0.191026844,0.212430802
159,1557,3,2700,0.360484809,0.426314563,0.065829754,0.397788972,0.027582442,1.193366915,0.406567544,0.422365159
160,1558,3,2700,0.124325991,0.307783574,0.183457583,0.191611126,0.082488982,0.574833378,0.142723814,0.274771622
161,1559,3,2700,0.395260364,0.444077343,0.048816979,0.425758183,0.02171043,1.277274549,0.437936842,0.442849243
162,1560,3,2700,0.021730602,0.082569703,0.060839102,0.049342188,0.025152907,0.148026563,0.043726258,0.074801014
163,1567,3,2700,0.110510074,0.207011417,0.096501343,0.16284542,0.03981776,0.488536261,0.171014771,0.199812087
164,1569,4,3600,0.522057295,0.526734173,0.004676878,0.524164736,0.002046459,2.096658945,0.523933738,0.526396126
165,1571,3,2700,0.626881957,0.66952914,0.042647183,0.647381783,0.017449572,1.942145348,0.645734251,0.664770162
166,1573,2,1800,0.089650013,0.241993964,0.152343951,0.165821988,0.076171976,0.331643976,0.165821988,0.226759569
167,1577,3,2700,0.271941841,0.416100204,0.144158363,0.366903027,0.067162325,1.100709081,0.412667036,0.41541357
168,1578,4,3600,0.338866204,0.439843506,0.100977302,0.388449177,0.044362744,1.553796709,0.387543499,0.435319638
169,1579,3,2700,0.26383397,0.385226846,0.121392876,0.309426039,0.053965936,0.928278118,0.279217303,0.364024937
170,1580,2,1800,0.064778179,0.211072251,0.146294072,0.137925215,0.073147036,0.27585043,0.137925215,0.196442844
171,1581,4,3600,0.322140664,0.443911344,0.12177068,0.388929509,0.044891564,1.555718035,0.394833013,0.433966964
172,1583,3,2700,0.040493891,0.247224867,0.206730977,0.166352769,0.090193429,0.499058306,0.211339548,0.240047804
173,1584,2,1800,0.178118095,0.182378709,0.004260615,0.180248402,0.002130307,0.360496804,0.180248402,0.181952648
174,1587,4,3600,-0.057943154,0.017913811,0.075856965,-0.019439316,0.026955899,-0.077757264,-0.01886396,0.008003343
175,1591,3,2700,0.049326483,0.1021953,0.052868817,0.067467804,0.024564254,0.202403411,0.050881628,0.091932566
176,1592,4,3600,0.070172749,0.161877766,0.091705017,0.102027897,0.037319713,0.408111587,0.088030536,0.144843124
177,1594,3,2700,-0.076063193,-0.012409215,0.063653979,-0.0537639,0.029272151,-0.161291701,-0.072819293,-0.02449123
178,1596,2,1800,0.018002523,0.036070459,0.018067935,0.027036491,0.009033968,0.054072982,0.027036491,0.034263665
179,1598,3,2700,0.152742133,0.188810319,0.036068186,0.167337224,0.015507175,0.502011672,0.16045922,0.183140099
180,1601,2,1800,0.173525989,0.182244331,0.008718342,0.17788516,0.004359171,0.35577032,0.17788516,0.181372496
181,1604,2,1800,0.049026817,0.052340198,0.003313381,0.050683508,0.001656691,0.101367015,0.050683508,0.05200886
182,1605,3,2700,-0.0186501,0.075216077,0.093866177,0.020949161,0.039699453,0.062847482,0.006281504,0.061429163
183,1606,3,2700,0.255930901,0.324599564,0.068668664,0.285518527,0.028826376,0.856555581,0.276025116,0.314884675
184,1607,3,2700,0.003741392,0.089770719,0.086029328,0.051549694,0.035769617,0.154649083,0.061136972,0.08404397
185,1608,3,2700,-0.128714889,-0.069010742,0.059704147,-0.100489937,0.024482495,-0.30146981,-0.103744179,-0.075957429
186,1609,2,1800,0.080946773,0.084321648,0.003374875,0.082634211,0.001687437,0.165268421,0.082634211,0.08398416
187,1617,3,2700,0.108934142,0.195193782,0.086259641,0.155237896,0.035500263,0.465713687,0.161585763,0.188472179
188,1619,3,2700,0.317579359,0.382477194,0.064897835,0.352329999,0.026693645,1.056989998,0.356933445,0.377368444
189,1620,3,2700,0.476322383,0.506376088,0.030053705,0.494435738,0.013022693,1.483307213,0.500608742,0.505222619
190,1623,2,1800,0.15038228,0.382339925,0.231957644,0.266361102,0.115978822,0.532722205,0.266361102,0.35914416
191,1624,3,2700,-0.085958965,0.032065187,0.118024152,-0.030001449,0.048376414,-0.090004347,-0.036110569,0.018430036
192,1627,4,3600,0.010186155,0.200215638,0.190029482,0.119189251,0.07079759,0.476757002,0.133177605,0.187485985
193,1628,2,1800,0.091187425,0.14174749,0.050560065,0.116467457,0.025280032,0.232934915,0.116467457,0.136691483
194,1630,3,2700,0.118469998,0.179922581,0.061452582,0.145619417,0.025592799,0.436858252,0.138465673,0.171631199
195,1640,3,2700,0.163832054,0.223329335,0.059497282,0.188509082,0.025326474,0.565527245,0.178365856,0.21433664
196,1643,2,1800,-0.097732,-0.049842399,0.047889601,-0.073787199,0.023944801,-0.147574399,-0.073787199,-0.054631359
197,1644,2,1800,-0.072000995,-0.025287038,0.046713958,-0.048644016,0.023356979,-0.097288033,-0.048644016,-0.029958433
198,1645,4,3600,0.073530026,0.268560112,0.195030086,0.1809317,0.070834383,0.723726802,0.190818332,0.250690198
199,1657,4,3600,-0.044881817,0.139824197,0.184706014,0.057008082,0.066088436,0.228032328,0.066544974,0.11932172
200,1658,4,3600,-0.035544425,0.017601795,0.053146221,-0.006080291,0.01966881,-0.024321166,-0.003189268,0.013504339
201,1662,4,3600,0.21449022,0.340267152,0.125776932,0.281679515,0.052989414,1.126718059,0.285980344,0.33607004
202,1099,3,2700,-0.112801716,-0.033263214,0.079538502,-0.059809592,0.037471113,-0.179428775,-0.033363845,-0.03328334
203,1207,3,2700,0.25859639,0.387735426,0.129139036,0.343792299,0.060252616,1.031376898,0.385045081,0.387197357
204,1209,3,2700,0.203020155,0.20917055,0.006150395,0.206592699,0.00260754,0.619778097,0.207587391,0.208853918
205,1247,3,2700,0.158977553,0.291035026,0.132057473,0.217610429,0.054917455,0.652831286,0.202818707,0.273391762
206,1362,4,3600,0.538642943,0.722837508,0.184194565,0.644567192,0.069712026,2.578268766,0.658394158,0.712277919
207,158,3,2700,0.277187824,0.434923202,0.157735378,0.344252199,0.066523515,1.032756597,0.320645571,0.412067676
208,159,4,3600,0.052257821,0.093370736,0.041112915,0.067352677,0.015533588,0.269410707,0.061891075,0.084106481
209,358,3,2700,0.115928337,0.140314355,0.024386019,0.127404556,0.010007026,0.382213667,0.125970975,0.137445679
210,407,3,2700,0.097947843,0.162181422,0.064233579,0.129707056,0.026228124,0.389121167,0.128991902,0.155543518
211,408,2,1800,0.032466728,0.129296079,0.096829351,0.080881404,0.048414676,0.161762808,0.080881404,0.119613144
212,454,3,2700,0.424177498,0.478209406,0.054031909,0.443524698,0.02458036,1.330574095,0.428187191,0.468204963
213,801,2,1800,0.394210011,0.398948997,0.004738986,0.396579504,0.002369493,0.793159008,0.396579504,0.398475099
214,844,3,2700,0.559404969,0.70263046,0.143225491,0.637711306,0.059232862,1.913133919,0.65109849,0.692324066
215,845,4,3600,0.588698745,0.652815878,0.064117134,0.62661168,0.024460904,2.506446719,0.632466048,0.649716514
216,846,4,3600,0.338073015,0.406867236,0.068794221,0.372032315,0.033951592,1.488129258,0.371594504,0.406333745
217,847,3,2700,0.210911393,0.268717736,0.057806343,0.233364388,0.025300957,0.700093165,0.220464036,0.259066996
218,851,3,2700,0.282596439,0.347398669,0.064802229,0.306297133,0.029176751,0.9188914,0.288896292,0.335698193
219,852,4,3600,0.293870658,0.338670075,0.044799417,0.314783171,0.016982177,1.259132683,0.313295975,0.333578885
220,892,3,2700,0.487828225,0.522668242,0.034840018,0.499441564,0.016423742,1.498324692,0.487828225,0.515700239
221,893,2,1800,0.571501195,0.614654183,0.043152988,0.593077689,0.021576494,1.186155379,0.593077689,0.610338885
222,894,3,2700,0.450064749,0.470083445,0.020018697,0.459647268,0.00819486,1.378941804,0.45879361,0.467825478
223,895,3,2700,0.294905305,0.375843048,0.080937743,0.337904702,0.033235927,1.013714105,0.342965752,0.369267589
224,899,2,1800,0.414676458,0.449775934,0.035099477,0.432226196,0.017549738,0.864452392,0.432226196,0.446265987
225,933,2,1800,0.34111324,0.366262019,0.025148779,0.353687629,0.01257439,0.707375258,0.353687629,0.363747141
226,974,2,1800,0.208226547,0.322474658,0.114248112,0.265350603,0.057124056,0.530701205,0.265350603,0.311049847
227,1012,3,2700,0.507679224,0.586854398,0.079175174,0.538658281,0.034539807,1.615974844,0.521441221,0.573771763
228,1068,2,1800,0.639370859,0.676207423,0.036836565,0.657789141,0.018418282,1.315578282,0.657789141,0.672523767
229,1069,3,2700,0.581336439,0.638840318,0.057503879,0.608878275,0.023538155,1.826634824,0.606458068,0.632363868
230,1160,4,3600,0.344576031,0.435412407,0.090836376,0.407596909,0.037283606,1.630387634,0.425199598,0.435312548
231,1200,3,2700,0.44309628,0.492574275,0.049477994,0.469729364,0.020376141,1.409188092,0.473517537,0.488762927
232,1235,4,3600,0.145718172,0.227309927,0.081591755,0.182570431,0.033576096,0.730281726,0.178626813,0.219799854
233,1272,3,2700,0.430554926,0.462755919,0.032200992,0.447268258,0.013174538,1.341804773,0.448493928,0.45990352
234,1273,2,1800,0.435987234,0.449311078,0.013323843,0.442649156,0.006661922,0.885298312,0.442649156,0.447978693
235,1276,3,2700,0.132712767,0.17503792,0.042325154,0.155913229,0.017517869,0.467739686,0.159988999,0.172028136
236,1319,2,1800,0.029511813,0.057162039,0.027650226,0.043336926,0.013825113,0.086673852,0.043336926,0.054397016
237,1320,2,1800,0.255419582,0.280105233,0.024685651,0.267762408,0.012342826,0.535524815,0.267762408,0.277636668
238,1321,3,2700,0.30628249,0.333007395,0.026724905,0.315953453,0.012095079,0.94786036,0.308570474,0.328120011
239,1322,3,2700,0.339130938,0.369748086,0.030617148,0.350272278,0.013819068,1.050816834,0.34193781,0.364186031
240,1356,2,1800,0.497089863,0.509249747,0.012159884,0.503169805,0.006079942,1.00633961,0.503169805,0.508033758
241,1421,3,2700,0.153712422,0.345733732,0.19202131,0.277821372,0.087888522,0.833464116,0.334017962,0.343390578
242,141,3,2700,0.108453885,0.123080797,0.014626913,0.117126539,0.006273165,0.351379618,0.119844936,0.122433625
243,161,4,3600,0.137077421,0.290941805,0.153864384,0.185093217,0.062281985,0.740372866,0.15617682,0.254391637
244,162,3,2700,0.088574745,0.116786271,0.028211527,0.098718586,0.012807889,0.296155758,0.090794742,0.111587965
245,163,4,3600,0.524616599,0.615210295,0.090593696,0.573032409,0.032703433,2.292129636,0.576151371,0.60596227
246,165,3,2700,0.311758876,0.376245588,0.064486712,0.334078322,0.029833829,1.002234966,0.314230502,0.363842571
247,193,4,3600,0.376292855,0.472311527,0.096018672,0.427893847,0.034949396,1.711575389,0.431485504,0.463241798
248,194,2,1800,0.35565573,0.468619078,0.112963349,0.412137404,0.056481674,0.824274808,0.412137404,0.457322744
249,197,2,1800,0.324820101,0.342104554,0.017284453,0.333462328,0.008642226,0.666924655,0.333462328,0.340376109
250,227,3,2700,0.120781451,0.135721087,0.014939636,0.129974355,0.006567864,0.389923066,0.133420527,0.135260975
251,229,2,1800,0.162234575,0.197198078,0.034963503,0.179716326,0.017481752,0.359432653,0.179716326,0.193701728
252,231,3,2700,0.316004008,0.423955351,0.107951343,0.371107916,0.044099825,1.113323748,0.373364389,0.413837159
253,232,3,2700,0.460196137,0.649591982,0.189395845,0.571579198,0.080840906,1.714737594,0.604949474,0.640663481
254,234,2,1800,0.58668381,0.617461681,0.030777872,0.602072746,0.015388936,1.204145491,0.602072746,0.614383894
255,235,4,3600,0.839222312,0.8580755,0.018853188,0.849444836,0.006730799,3.397779346,0.850240767,0.855932844
256,270,2,1800,0.080013096,0.210801974,0.130788878,0.145407535,0.065394439,0.29081507,0.145407535,0.197723086
257,276,3,2700,0.365711361,0.437921166,0.072209805,0.404707283,0.029761698,1.214121848,0.410489321,0.432434797
258,279,4,3600,0.532093108,0.576399148,0.04430604,0.55651702,0.019036821,2.226068079,0.558787912,0.575603068
259,281,4,3600,0.613859594,0.741051376,0.127191782,0.672985047,0.04708493,2.691940188,0.668514609,0.724899417
260,282,2,1800,0.356085956,0.365331233,0.009245276,0.360708594,0.004622638,0.721417189,0.360708594,0.364406705
261,284,3,2700,0.149656072,0.238426775,0.088770702,0.208258907,0.0414445,0.624776721,0.236693874,0.238080195
262,315,3,2700,0.35426414,0.583669901,0.229405761,0.504475236,0.106267746,1.513425708,0.575491667,0.582034254
263,318,3,2700,0.231531247,0.303721786,0.072190538,0.26905717,0.029541031,0.807171509,0.271918476,0.297361124
264,319,2,1800,0.473841637,0.563693345,0.089851707,0.518767491,0.044925854,1.037534982,0.518767491,0.554708174
265,320,3,2700,0.719283581,0.729349732,0.010066152,0.724991858,0.004218969,2.174975574,0.726342261,0.728748238
266,324,2,1800,0.425930768,0.434017837,0.008087069,0.429974303,0.004043534,0.859948605,0.429974303,0.43320913
267,327,3,2700,0.240778998,0.254827797,0.0140488,0.247495423,0.005751912,0.742486268,0.246879473,0.253238133
268,329,3,2700,0.075988881,0.254730254,0.178741373,0.143091582,0.079476241,0.429274745,0.09855561,0.223495325
269,330,3,2700,0.228598773,0.293592125,0.064993352,0.253690238,0.028525374,0.761070713,0.238879815,0.282649663
270,331,4,3600,0.281806767,0.491221696,0.209414929,0.389299341,0.074757402,1.557197362,0.39208445,0.465703723
271,360,3,2700,0.320995539,0.432733595,0.111738056,0.370576541,0.046475557,1.111729622,0.358000487,0.417786974
272,366,3,2700,0.175706357,0.211033463,0.035327107,0.197553625,0.015588704,0.592660874,0.205921054,0.210010982
273,367,3,2700,0.481915742,0.621310055,0.139394313,0.543819457,0.057964971,1.631458372,0.528232574,0.602694559
274,369,3,2700,0.436665386,0.536012173,0.099346787,0.486902763,0.040565998,1.46070829,0.488030732,0.526415884
275,370,2,1800,0.179837421,0.21834296,0.038505539,0.19909019,0.01925277,0.39818038,0.19909019,0.214492406
276,371,4,3600,0.179365039,0.310026318,0.130661279,0.251446277,0.054064502,1.005785108,0.258196875,0.306044838
277,375,2,1800,0.081856728,0.19515802,0.113301292,0.138507374,0.056650646,0.277014747,0.138507374,0.18382789
278,413,3,2700,0.352333248,0.411605597,0.059272349,0.374842763,0.026212855,1.124528289,0.360589445,0.401402366
279,417,4,3600,0.287593961,0.458192497,0.170598537,0.37831039,0.060608689,1.513241559,0.383727551,0.436899576
280,419,2,1800,0.845629454,0.905636072,0.060006618,0.875632763,0.030003309,1.751265526,0.875632763,0.89963541
281,420,4,3600,0.183163926,0.226702109,0.043538183,0.19763216,0.01713534,0.79052864,0.190331303,0.216569792
282,421,4,3600,0.456243277,0.668554127,0.212310851,0.598140657,0.085824952,2.392562628,0.633882612,0.667192066
283,423,4,3600,0.38309586,0.745737553,0.362641692,0.581066445,0.135862713,2.324265778,0.597716182,0.719043028
284,424,3,2700,0.434951782,0.463143945,0.028192163,0.449470063,0.011524879,1.348410189,0.450314462,0.460578048
285,425,2,1800,0.401311696,0.444851518,0.043539822,0.423081607,0.021769911,0.846163213,0.423081607,0.440497535
286,460,2,1800,0.916336417,0.929741919,0.013405502,0.923039168,0.006702751,1.846078336,0.923039168,0.928401369
287,464,3,2700,0.587154984,0.614014864,0.026859879,0.603303591,0.011620004,1.809910774,0.608740926,0.612960076
288,466,4,3600,0.382599384,0.540495098,0.157895714,0.440277815,0.060640817,1.761111259,0.419008389,0.508469138
289,467,3,2700,0.29632017,0.494579881,0.198259711,0.421079735,0.088684363,1.263239205,0.472339153,0.490131736
290,499,3,2700,0.179278389,0.376890063,0.197611675,0.279772962,0.08070997,0.839318886,0.283150434,0.358142138
291,502,3,2700,0.741368532,0.839744508,0.098375976,0.775588075,0.045399128,2.326764226,0.745651186,0.820925844
292,503,3,2700,0.656906366,0.784258008,0.127351642,0.725950301,0.052542428,2.177850902,0.736686528,0.774743712
293,505,4,3600,0.325607121,0.380975693,0.055368572,0.362747706,0.02174527,1.450990826,0.372204006,0.378545567
294,506,2,1800,0.368524253,0.448529691,0.080005437,0.408526972,0.040002719,0.817053944,0.408526972,0.440529147
295,535,3,2700,0.452234328,0.49293083,0.040696502,0.470161895,0.016963302,1.410485685,0.465320528,0.487408769
296,536,4,3600,0.242732972,0.354772478,0.112039506,0.291561194,0.040312286,1.166244775,0.284369662,0.334526888
297,538,3,2700,0.324477553,0.544591248,0.220113695,0.434538633,0.08986104,1.303615898,0.434547096,0.522582418
298,540,4,3600,0.406808436,0.513429344,0.106620908,0.45494806,0.046946599,1.819792241,0.449777231,0.506000921
299,541,4,3600,0.505022168,0.597114325,0.092092156,0.552294001,0.037912646,2.209176004,0.553519756,0.592259955
300,545,3,2700,0.442121476,0.782738566,0.34061709,0.598856638,0.140375,1.796569914,0.571709871,0.740532827
301,574,3,2700,0.116443798,0.213879615,0.097435817,0.175390795,0.042326803,0.526172385,0.195848972,0.210273486
302,577,4,3600,0.17928341,0.258392483,0.079109073,0.210999399,0.029647787,0.843997598,0.203160852,0.244342558
303,581,4,3600,0.394903541,0.547653079,0.152749538,0.501834974,0.062681758,2.007339895,0.532391638,0.546839386
304,585,2,1800,0.357480854,0.453072071,0.095591217,0.405276462,0.047795609,0.810552925,0.405276462,0.443512949
305,618,4,3600,0.203382656,0.343182325,0.139799669,0.274399731,0.050374602,1.097598925,0.275516972,0.32698206
306,620,3,2700,0.367930889,0.524227142,0.156296253,0.424373398,0.070807397,1.273120195,0.380962163,0.495574147
307,653,3,2700,0.234728917,0.281768501,0.047039583,0.257207846,0.019260163,0.771623537,0.255126119,0.276440024
308,657,4,3600,0.331698716,0.506849051,0.175150335,0.418671206,0.063080471,1.674684823,0.418068528,0.485307434
309,659,2,1800,0.591073155,0.645301163,0.054228008,0.618187159,0.027114004,1.236374319,0.618187159,0.639878362
310,661,4,3600,0.227413163,0.414693803,0.18728064,0.314487968,0.070458096,1.257951871,0.307922453,0.39249382
311,662,4,3600,0.251678526,0.309813589,0.058135062,0.272810131,0.023545851,1.091240525,0.264874205,0.299855146
312,666,4,3600,0.141762361,0.236913592,0.095151231,0.19913495,0.035040082,0.796539798,0.208931923,0.228657931
313,669,3,2700,0.192033857,0.285634011,0.093600154,0.229834229,0.040275975,0.689502686,0.211834818,0.270874172
314,707,3,2700,0.473464251,0.51635772,0.042893469,0.493926297,0.017566469,1.48177889,0.491956919,0.51147756
315,708,3,2700,0.910318613,0.941827118,0.031508505,0.921246489,0.01456201,2.763739467,0.911593735,0.935780442
316,711,4,3600,0.396991938,0.613520622,0.216528684,0.51401303,0.077591157,2.056052119,0.522769779,0.590163463
317,717,4,3600,0.155566096,0.524271309,0.368705213,0.319257788,0.133237409,1.277031153,0.298596874,0.464304
318,718,3,2700,0.420730233,0.597420931,0.176690698,0.510639747,0.072167585,1.531919241,0.513768077,0.58069036
319,719,4,3600,0.515601695,0.686181843,0.170580149,0.587300211,0.069630265,2.349200845,0.573708653,0.666032535
320,758,3,2700,-0.001456873,0.172058284,0.173515158,0.089540039,0.071090521,0.268620117,0.098018706,0.157250369
321,761,3,2700,0.245755002,0.339149117,0.093394116,0.284352019,0.039811616,0.853056058,0.268151939,0.324949682
322,766,4,3600,0.320030153,0.391849607,0.071819454,0.345246084,0.027960375,1.380984336,0.334552288,0.376680508
323,806,4,3600,0.187911555,0.247001618,0.059090063,0.222161923,0.024501815,0.88864769,0.226867259,0.246012446
324,808,4,3600,0.450531483,0.486922473,0.03639099,0.467059605,0.013559699,1.868238419,0.465392232,0.482136276
325,810,4,3600,0.301634461,0.345632046,0.043997586,0.316302642,0.017277245,1.265210569,0.308972031,0.335342941
326,812,2,1800,0.253275573,0.342382401,0.089106828,0.297828987,0.044553414,0.595657974,0.297828987,0.333471718
327,815,4,3600,0.094557546,0.146717653,0.052160107,0.125776751,0.019772808,0.503107004,0.130915903,0.144075775
328,857,4,3600,0.396103412,0.624759734,0.228656322,0.482222214,0.091538849,1.928888857,0.454012856,0.587271142
329,859,4,3600,0.348544955,0.441944629,0.093399674,0.392074391,0.033369287,1.568297565,0.38890399,0.427563348
330,860,4,3600,0.485586315,0.548110008,0.062523693,0.530229084,0.02591121,2.120916337,0.543610007,0.547575015
331,865,4,3600,0.773816228,0.966421604,0.192605376,0.84887749,0.079390685,3.395509958,0.827636063,0.939571887
332,900,3,2700,0.213619813,0.449614435,0.235994622,0.339405989,0.096972039,1.018217966,0.354983717,0.430688292
333,903,3,2700,0.372477174,0.560975909,0.188498735,0.47449257,0.077734063,1.423477709,0.490024626,0.546785653
334,907,3,2700,0.738536835,0.787439525,0.04890269,0.764756958,0.020120537,2.294270873,0.768294513,0.783610523
335,939,4,3600,0.568344235,0.640573919,0.072229683,0.604821563,0.025662512,2.419286251,0.605184048,0.631021196
336,949,4,3600,0.264413208,0.465926826,0.201513618,0.384845048,0.07816031,1.539380193,0.404520079,0.458287787
337,981,3,2700,0.272142112,0.380843282,0.108701169,0.337217659,0.04689748,1.011652976,0.358667582,0.376408142
338,988,4,3600,0.487129241,0.722583175,0.235453933,0.581643365,0.098252361,2.326573461,0.558430523,0.693168586
339,1022,3,2700,0.793759465,0.85212189,0.058362424,0.819709877,0.024260494,2.459129632,0.813248277,0.844347167
340,1024,3,2700,0.695781887,0.723259985,0.027478099,0.712111413,0.011800938,2.13633424,0.717292368,0.722066462
341,1045,3,2700,0.168216988,0.244796962,0.076579973,0.211567745,0.032072389,0.634703234,0.221689284,0.240175426
342,1049,2,1800,0.372483402,0.546155572,0.173672169,0.459319487,0.086836085,0.918638974,0.459319487,0.528788355
343,1050,4,3600,0.506254315,0.55207783,0.045823514,0.523358405,0.017722681,2.093433619,0.517550737,0.543514198
344,1052,4,3600,0.190183505,0.418109596,0.22792609,0.312142756,0.090099358,1.248571023,0.320138961,0.405476391
345,1053,4,3600,0.188372031,0.304048628,0.115676597,0.247071952,0.041158619,0.988287807,0.247933574,0.289142305
346,1075,4,3600,0.185556576,0.257134527,0.071577951,0.226115439,0.025787326,0.904461756,0.230885327,0.249830393
347,1080,2,1800,0.634272218,0.752017617,0.117745399,0.693144917,0.0588727,1.386289835,0.693144917,0.740243077
348,1109,3,2700,0.416101813,0.563224733,0.14712292,0.483920475,0.060609282,1.451761425,0.472434878,0.545066762
349,1110,2,1800,0.242391393,0.285156995,0.042765602,0.263774194,0.021382801,0.527548388,0.263774194,0.280880435
350,1111,7,6300,0.281736374,0.749401271,0.467664897,0.559000143,0.192806245,3.913001001,0.686734617,0.740147185
351,1113,4,3600,0.486878514,0.622255862,0.135377347,0.558576047,0.060847718,2.23430419,0.562584907,0.620203525
352,1114,3,2700,0.382288098,0.556817651,0.174529552,0.48767519,0.075720522,1.46302557,0.523919821,0.550238085
353,1115,2,1800,0.458115548,0.532889724,0.074774176,0.495502636,0.037387088,0.991005272,0.495502636,0.525412306
354,1139,2,1800,0.055556178,0.131596595,0.076040417,0.093576387,0.038020208,0.187152773,0.093576387,0.123992553
355,1142,3,2700,0.222801715,0.278378546,0.055576831,0.256576558,0.024217184,0.769729674,0.268549412,0.276412719
356,1144,4,3600,0.343842238,0.440329641,0.096487403,0.409727037,0.038688345,1.638908148,0.427368134,0.438424477
357,1145,4,3600,0.683591664,0.751018941,0.067427278,0.725941226,0.027682791,2.903764904,0.734577149,0.750800377
358,1148,4,3600,0.586583674,0.631106138,0.044522464,0.606155634,0.017321383,2.424622536,0.603466362,0.625660789
359,1180,4,3600,0.232715711,0.367991477,0.135275766,0.319381457,0.051542444,1.277525827,0.33840932,0.360249093
360,1182,3,2700,0.478614807,0.479727179,0.001112372,0.479025026,0.00049884,1.437075078,0.478733093,0.479528362
361,1185,4,3600,0.298840761,0.32148847,0.022647709,0.31021636,0.010315384,1.240865439,0.310268104,0.32088137
362,1186,4,3600,0.601296008,0.696381509,0.095085502,0.659044713,0.036280412,2.636178851,0.669250667,0.692082965
363,1214,3,2700,0.199676096,0.326900184,0.127224088,0.2569502,0.05270674,0.770850599,0.244274318,0.310375011
364,1219,3,2700,0.105670765,0.171578377,0.065907612,0.144616743,0.028209593,0.433850229,0.156601086,0.168582919
365,1220,3,2700,0.161778048,0.202706277,0.04092823,0.178535625,0.01751181,0.535606876,0.171122551,0.196389532
366,1221,2,1800,0.699566543,0.716193199,0.016626656,0.707879871,0.008313328,1.415759742,0.707879871,0.714530534
367,1222,3,2700,0.235088676,0.355448753,0.120360076,0.307386816,0.052039614,0.922160447,0.331623018,0.350683606
368,1225,2,1800,0.179172054,0.232292846,0.053120792,0.20573245,0.026560396,0.4114649,0.20573245,0.226980767
369,1253,2,1800,0.327682674,0.341888338,0.014205664,0.334785506,0.007102832,0.669571012,0.334785506,0.340467772
370,1257,3,2700,0.229643524,0.30775404,0.078110516,0.277446181,0.034203939,0.832338542,0.294940978,0.305191427
371,1258,4,3600,0.273720711,0.391149879,0.117429167,0.342029087,0.042795191,1.368116349,0.35162288,0.38097212
372,1259,4,3600,0.244938582,0.340899527,0.095960945,0.287131488,0.034520692,1.148525953,0.281343922,0.324164876
373,1261,4,3600,0.058205929,0.215571865,0.157365937,0.145137,0.058478686,0.580548,0.153385103,0.203706989
374,1264,3,2700,0.361966044,0.635799527,0.273833483,0.483541578,0.113877865,1.450624734,0.452859163,0.599211454
375,1294,2,1800,0.220993638,0.263127834,0.042134196,0.242060736,0.021067098,0.484121472,0.242060736,0.258914414
376,1295,2,1800,0.141153365,0.172335207,0.031181842,0.156744286,0.015590921,0.313488573,0.156744286,0.169217023
377,1297,3,2700,0.811763227,0.845269918,0.033506691,0.830353876,0.01392364,2.491061628,0.834028482,0.843021631
378,1298,4,3600,0.914461017,1.021689773,0.107228756,0.980399817,0.04031374,3.921599269,0.99272424,1.015547657
379,1299,3,2700,0.283018589,0.347476572,0.064457983,0.318939159,0.026827736,0.956817478,0.326322317,0.343245721
380,1333,2,1800,0.397559881,0.470099658,0.072539777,0.433829769,0.036269888,0.867659539,0.433829769,0.46284568
381,1335,2,1800,0.227401137,0.262289673,0.034888536,0.244845405,0.017444268,0.48969081,0.244845405,0.25880082
382,1340,3,2700,0.267055571,0.319444954,0.052389383,0.286740204,0.023285253,0.860220611,0.273720086,0.310299981
383,1341,3,2700,0.16987057,0.425284714,0.255414143,0.271747167,0.110486007,0.815241501,0.220086217,0.384245014
384,1364,4,3600,0.23784031,0.464960843,0.227120534,0.340277452,0.095627535,1.361109808,0.329154328,0.445739302
385,1367,3,2700,0.539872706,0.784787714,0.244915009,0.626844267,0.111873729,1.880532801,0.555872381,0.739004648
386,1398,3,2700,0.13040404,0.213151738,0.082747698,0.179821948,0.035645627,0.539465845,0.195910066,0.209703404
387,1400,3,2700,0.682662547,0.870960593,0.188298047,0.759770274,0.080561595,2.279310822,0.725687683,0.841906011
388,1401,3,2700,0.569631636,0.604931474,0.035299838,0.592625082,0.016272256,1.777875245,0.603312135,0.604607606
389,1413,3,2700,0.289997607,0.395238608,0.105241001,0.326555113,0.04860025,0.979665339,0.294429123,0.375076711
390,1423,3,2700,0.155960232,0.213009581,0.057049349,0.181128333,0.023769123,0.543384999,0.174415186,0.205290702
391,1425,3,2700,0.35732007,0.379114956,0.021794885,0.367843608,0.008913423,1.103530824,0.367095798,0.376711124
392,1807,3,2700,0.376292855,0.472311527,0.096018672,0.423165431,0.03923241,1.269496292,0.420891911,0.462027603
