"","Card","SpeciesAll","total_count","total_tph","total_x0","total_x10","total_x30","total_x130","FDI_count","FDI_tph","FDI_x0","FDI_x10","FDI_x30","FDI_x130","PLI_count","PLI_tph","PLI_x0","PLI_x10","PLI_x30","PLI_x130","NonCon_count","NonCon_x0","NonCon_x10","NonCon_x30","NonCon_x130","SX_count","SX_x0","SX_x10","SX_x30","SX_x130"
"1",-1291634974,"NonCon, PLI",93,18600,0,0,43,50,0,0,0,0,0,0,66,13200,0,0,19,47,27,0,0,24,3,0,0,0,0,0
"2",0,"FDI",4,800,2,2,0,0,4,800,2,2,0,0,0,0,0,0,0,0,0,0,0,0,0,0,0,0,0,0
"3",3,"PLI",15,3000,1,4,5,5,0,0,0,0,0,0,15,3000,1,4,5,5,0,0,0,0,0,0,0,0,0,0
"4",13,"PLI, SX",18,3600,1,3,7,7,0,0,0,0,0,0,17,3400,0,3,7,7,0,0,0,0,0,1,1,0,0,0
"5",20,"PLI, SX",306,61200,3,60,238,5,0,0,0,0,0,0,296,59200,2,55,235,4,0,0,0,0,0,10,1,5,3,1
"6",141,"FDI, NonCon, PLI",52,10400,15,31,5,1,46,9200,15,30,1,0,2,400,0,1,1,0,4,0,0,3,1,0,0,0,0,0
"7",158,"FDI, NonCon, SX",154,30800,21,58,55,20,12,2400,4,5,2,1,0,0,0,0,0,0,15,0,0,4,11,127,17,53,49,8
"8",159,"FDI",183,36600,101,72,10,0,183,36600,101,72,10,0,0,0,0,0,0,0,0,0,0,0,0,0,0,0,0,0
"9",161,"NonCon, SX",20,4000,1,1,15,3,0,0,0,0,0,0,0,0,0,0,0,0,18,0,1,15,2,2,1,0,0,1
"10",162,"FDI, NonCon, PLI, SX",124,24800,1,2,109,12,1,200,0,1,0,0,6,1200,1,0,4,1,116,0,0,105,11,1,0,1,0,0
"11",163,"NonCon, PLI",3,600,0,2,1,0,0,0,0,0,0,0,1,200,0,1,0,0,2,0,1,1,0,0,0,0,0,0
"12",165,"FDI, PLI",136,27200,44,75,14,3,1,200,1,0,0,0,135,27000,43,75,14,3,0,0,0,0,0,0,0,0,0,0
"13",193,"NonCon, PLI",22,4400,0,1,21,0,0,0,0,0,0,0,21,4200,0,1,20,0,1,0,0,1,0,0,0,0,0,0
"14",194,"FDI, NonCon, PLI",137,27400,2,33,82,20,1,200,1,0,0,0,3,600,0,0,2,1,133,1,33,80,19,0,0,0,0,0
"15",197,"PLI",150,30000,23,62,65,0,0,0,0,0,0,0,150,30000,23,62,65,0,0,0,0,0,0,0,0,0,0,0
"16",227,"NonCon, PLI",517,103400,93,292,132,0,0,0,0,0,0,0,486,97200,91,272,123,0,31,2,20,9,0,0,0,0,0,0
"17",229,"NonCon, PLI, SX",141,28200,31,27,52,31,0,0,0,0,0,0,9,1800,1,7,1,0,103,9,16,47,31,29,21,4,4,0
"18",231,"NonCon, PLI",27,5400,0,7,19,1,0,0,0,0,0,0,5,1000,0,5,0,0,22,0,2,19,1,0,0,0,0,0
"19",232,"FDI, NonCon, PLI",36,7200,2,21,12,1,22,4400,2,20,0,0,12,2400,0,1,10,1,2,0,0,2,0,0,0,0,0,0
"20",234,"NonCon, PLI",4,800,0,0,4,0,0,0,0,0,0,0,1,200,0,0,1,0,3,0,0,3,0,0,0,0,0,0
"21",235,"FDI, NonCon",29,5800,1,4,11,13,1,200,0,1,0,0,0,0,0,0,0,0,28,1,3,11,13,0,0,0,0,0
"22",270,"PLI",2,400,0,1,0,1,0,0,0,0,0,0,2,400,0,1,0,1,0,0,0,0,0,0,0,0,0,0
"23",276,"FDI, PLI",73,14600,36,31,6,0,55,11000,36,19,0,0,18,3600,0,12,6,0,0,0,0,0,0,0,0,0,0,0
"24",279,"NonCon",3,600,0,0,3,0,0,0,0,0,0,0,0,0,0,0,0,0,3,0,0,3,0,0,0,0,0,0
"25",281,"NonCon, PLI",18,3600,0,3,6,9,0,0,0,0,0,0,6,1200,0,3,3,0,12,0,0,3,9,0,0,0,0,0
"26",282,"NonCon, PLI",148,29600,1,30,103,14,0,0,0,0,0,0,2,400,0,1,1,0,146,1,29,102,14,0,0,0,0,0
"27",284,"FDI, PLI",11,2200,2,5,3,1,3,600,2,0,0,1,8,1600,0,5,3,0,0,0,0,0,0,0,0,0,0,0
"28",315,"NonCon, PLI",25,5000,2,8,15,0,0,0,0,0,0,0,21,4200,2,8,11,0,4,0,0,4,0,0,0,0,0,0
"29",318,"NR",0,0,0,0,0,0,0,0,0,0,0,0,0,0,0,0,0,0,0,0,0,0,0,0,0,0,0,0
"30",319,"NonCon, PLI",43,8600,0,2,38,3,0,0,0,0,0,0,2,400,0,2,0,0,41,0,0,38,3,0,0,0,0,0
"31",320,"FDI, PLI",62,12400,4,8,50,0,9,1800,4,5,0,0,53,10600,0,3,50,0,0,0,0,0,0,0,0,0,0,0
"32",324,"PLI",15,3000,2,5,7,1,0,0,0,0,0,0,15,3000,2,5,7,1,0,0,0,0,0,0,0,0,0,0
"33",327,"FDI, PLI",11,2200,5,2,2,2,6,1200,1,2,2,1,5,1000,4,0,0,1,0,0,0,0,0,0,0,0,0,0
"34",329,"NR",0,0,0,0,0,0,0,0,0,0,0,0,0,0,0,0,0,0,0,0,0,0,0,0,0,0,0,0
"35",330,"FDI, NonCon, PLI",7,1400,4,0,3,0,3,600,3,0,0,0,1,200,1,0,0,0,3,0,0,3,0,0,0,0,0,0
"36",331,"FDI, NonCon",54,10800,13,34,6,1,53,10600,13,34,6,0,0,0,0,0,0,0,1,0,0,0,1,0,0,0,0,0
"37",358,"NR",0,0,0,0,0,0,0,0,0,0,0,0,0,0,0,0,0,0,0,0,0,0,0,0,0,0,0,0
"38",360,"FDI, NonCon, PLI, SX",154,30800,8,1,111,34,1,200,1,0,0,0,4,800,3,1,0,0,145,0,0,111,34,4,4,0,0,0
"39",361,"NR",0,0,0,0,0,0,0,0,0,0,0,0,0,0,0,0,0,0,0,0,0,0,0,0,0,0,0,0
"40",366,"FDI, PLI",29,5800,11,13,5,0,9,1800,5,4,0,0,20,4000,6,9,5,0,0,0,0,0,0,0,0,0,0,0
"41",367,"NonCon",12,2400,0,0,10,2,0,0,0,0,0,0,0,0,0,0,0,0,12,0,0,10,2,0,0,0,0,0
"42",369,"NR",0,0,0,0,0,0,0,0,0,0,0,0,0,0,0,0,0,0,0,0,0,0,0,0,0,0,0,0
"43",370,"FDI",78,15600,39,16,13,10,78,15600,39,16,13,10,0,0,0,0,0,0,0,0,0,0,0,0,0,0,0,0
"44",371,"FDI, PLI",385,77000,187,194,4,0,371,74200,183,186,2,0,14,2800,4,8,2,0,0,0,0,0,0,0,0,0,0,0
"45",375,"FDI",175,35000,123,51,1,0,175,35000,123,51,1,0,0,0,0,0,0,0,0,0,0,0,0,0,0,0,0,0
"46",407,"PLI",15,3000,3,2,6,4,0,0,0,0,0,0,15,3000,3,2,6,4,0,0,0,0,0,0,0,0,0,0
"47",408,"PLI",96,19200,21,60,15,0,0,0,0,0,0,0,96,19200,21,60,15,0,0,0,0,0,0,0,0,0,0,0
"48",413,"NR",0,0,0,0,0,0,0,0,0,0,0,0,0,0,0,0,0,0,0,0,0,0,0,0,0,0,0,0
"49",417,"FDI, PLI",7,1400,1,1,5,0,1,200,1,0,0,0,6,1200,0,1,5,0,0,0,0,0,0,0,0,0,0,0
"50",419,"FDI",7,1400,1,6,0,0,7,1400,1,6,0,0,0,0,0,0,0,0,0,0,0,0,0,0,0,0,0,0
"51",420,"PLI, SX",121,24200,22,76,23,0,0,0,0,0,0,0,120,24000,22,76,22,0,0,0,0,0,0,1,0,0,1,0
"52",421,"FDI, PLI",54,10800,2,20,32,0,3,600,0,3,0,0,51,10200,2,17,32,0,0,0,0,0,0,0,0,0,0,0
"53",423,"FDI, NonCon",108,21600,3,80,25,0,98,19600,3,80,15,0,0,0,0,0,0,0,10,0,0,10,0,0,0,0,0,0
"54",424,"NonCon",23,4600,0,0,0,23,0,0,0,0,0,0,0,0,0,0,0,0,23,0,0,0,23,0,0,0,0,0
"55",425,"NR",0,0,0,0,0,0,0,0,0,0,0,0,0,0,0,0,0,0,0,0,0,0,0,0,0,0,0,0
"56",454,"FDI, PLI",175,35000,14,13,86,62,12,2400,11,0,1,0,163,32600,3,13,85,62,0,0,0,0,0,0,0,0,0,0
"57",456,"PLI",6,1200,0,0,2,4,0,0,0,0,0,0,6,1200,0,0,2,4,0,0,0,0,0,0,0,0,0,0
"58",460,"FDI, NonCon, PLI",22,4400,0,19,2,1,20,4000,0,19,1,0,1,200,0,0,1,0,1,0,0,0,1,0,0,0,0,0
"59",464,"FDI, PLI",5,1000,2,1,2,0,3,600,2,1,0,0,2,400,0,0,2,0,0,0,0,0,0,0,0,0,0,0
"60",466,"FDI, PLI, SX",102,20400,20,67,15,0,78,15600,19,57,2,0,22,4400,1,8,13,0,0,0,0,0,0,2,0,2,0,0
"61",467,"FDI, PLI",338,67600,28,290,20,0,332,66400,28,290,14,0,6,1200,0,0,6,0,0,0,0,0,0,0,0,0,0,0
"62",469,"PLI",19,3800,0,6,9,4,0,0,0,0,0,0,19,3800,0,6,9,4,0,0,0,0,0,0,0,0,0,0
"63",499,"NR",0,0,0,0,0,0,0,0,0,0,0,0,0,0,0,0,0,0,0,0,0,0,0,0,0,0,0,0
"64",502,"FDI",2,400,0,2,0,0,2,400,0,2,0,0,0,0,0,0,0,0,0,0,0,0,0,0,0,0,0,0
"65",503,"FDI, NonCon",3,600,0,2,1,0,2,400,0,2,0,0,0,0,0,0,0,0,1,0,0,1,0,0,0,0,0,0
"66",505,"FDI, NonCon, PLI",326,65200,119,203,4,0,321,64200,119,202,0,0,1,200,0,1,0,0,4,0,0,4,0,0,0,0,0,0
"67",506,"FDI, PLI, SX",90,18000,46,44,0,0,43,8600,29,14,0,0,2,400,1,1,0,0,0,0,0,0,0,45,16,29,0,0
"68",535,"PLI",3,600,0,3,0,0,0,0,0,0,0,0,3,600,0,3,0,0,0,0,0,0,0,0,0,0,0,0
"69",536,"FDI, NonCon, PLI, SX",228,45600,80,140,3,5,223,44600,80,138,1,4,2,400,0,2,0,0,2,0,0,2,0,1,0,0,0,1
"70",538,"FDI, NonCon, PLI",96,19200,48,32,13,3,78,15600,48,30,0,0,1,200,0,1,0,0,17,0,1,13,3,0,0,0,0,0
"71",540,"NonCon, PLI",13,2600,0,5,7,1,0,0,0,0,0,0,9,1800,0,5,3,1,4,0,0,4,0,0,0,0,0,0
"72",541,"FDI, SX",7,1400,4,3,0,0,1,200,0,1,0,0,0,0,0,0,0,0,0,0,0,0,0,6,4,2,0,0
"73",545,"FDI, NonCon, PLI",17,3400,0,10,7,0,3,600,0,2,1,0,7,1400,0,7,0,0,7,0,1,6,0,0,0,0,0,0
"74",574,"NonCon, PLI",48,9600,1,5,30,12,0,0,0,0,0,0,3,600,0,0,0,3,45,1,5,30,9,0,0,0,0,0
"75",577,"FDI",529,105800,520,9,0,0,529,105800,520,9,0,0,0,0,0,0,0,0,0,0,0,0,0,0,0,0,0,0
"76",581,"FDI, PLI",89,17800,10,52,27,0,62,12400,10,52,0,0,27,5400,0,0,27,0,0,0,0,0,0,0,0,0,0,0
"77",585,"FDI, NonCon, PLI",12,2400,0,11,1,0,9,1800,0,9,0,0,2,400,0,2,0,0,1,0,0,1,0,0,0,0,0,0
"78",618,"FDI, NonCon",803,160600,397,404,2,0,802,160400,397,404,1,0,0,0,0,0,0,0,1,0,0,1,0,0,0,0,0,0
"79",620,"FDI, NonCon, PLI",61,12200,2,20,29,10,8,1600,2,6,0,0,16,3200,0,14,2,0,37,0,0,27,10,0,0,0,0,0
"80",653,"FDI, PLI",199,39800,61,129,8,1,190,38000,56,128,5,1,9,1800,5,1,3,0,0,0,0,0,0,0,0,0,0,0
"81",657,"FDI, PLI",916,183200,876,40,0,0,914,182800,876,38,0,0,2,400,0,2,0,0,0,0,0,0,0,0,0,0,0,0
"82",659,"FDI, NonCon",21,4200,1,16,4,0,20,4000,1,16,3,0,0,0,0,0,0,0,1,0,0,1,0,0,0,0,0,0
"83",661,"FDI, PLI",39,7800,12,26,1,0,38,7600,12,26,0,0,1,200,0,0,1,0,0,0,0,0,0,0,0,0,0,0
"84",662,"FDI",68,13600,42,26,0,0,68,13600,42,26,0,0,0,0,0,0,0,0,0,0,0,0,0,0,0,0,0,0
"85",666,"FDI",335,67000,28,307,0,0,335,67000,28,307,0,0,0,0,0,0,0,0,0,0,0,0,0,0,0,0,0,0
"86",669,"FDI",13,2600,11,2,0,0,13,2600,11,2,0,0,0,0,0,0,0,0,0,0,0,0,0,0,0,0,0,0
"87",707,"FDI",51,10200,13,36,2,0,51,10200,13,36,2,0,0,0,0,0,0,0,0,0,0,0,0,0,0,0,0,0
"88",708,"FDI, NonCon",11,2200,0,3,7,1,6,1200,0,3,3,0,0,0,0,0,0,0,5,0,0,4,1,0,0,0,0,0
"89",711,"FDI, NonCon",473,94600,153,314,4,2,466,93200,153,313,0,0,0,0,0,0,0,0,7,0,1,4,2,0,0,0,0,0
"90",717,"FDI, NonCon",78,15600,39,26,8,5,61,12200,39,22,0,0,0,0,0,0,0,0,17,0,4,8,5,0,0,0,0,0
"91",718,"NonCon, PLI",16,3200,0,6,10,0,0,0,0,0,0,0,4,800,0,2,2,0,12,0,4,8,0,0,0,0,0,0
"92",719,"FDI, NonCon",3,600,0,1,2,0,2,400,0,1,1,0,0,0,0,0,0,0,1,0,0,1,0,0,0,0,0,0
"93",758,"NR",0,0,0,0,0,0,0,0,0,0,0,0,0,0,0,0,0,0,0,0,0,0,0,0,0,0,0,0
"94",761,"FDI, PLI",354,70800,180,171,3,0,353,70600,180,170,3,0,1,200,0,1,0,0,0,0,0,0,0,0,0,0,0,0
"95",766,"NR",0,0,0,0,0,0,0,0,0,0,0,0,0,0,0,0,0,0,0,0,0,0,0,0,0,0,0,0
"96",801,"FDI, PLI",155,31000,129,7,13,6,138,27600,129,7,1,1,17,3400,0,0,12,5,0,0,0,0,0,0,0,0,0,0
"97",806,"FDI",712,142400,538,173,1,0,712,142400,538,173,1,0,0,0,0,0,0,0,0,0,0,0,0,0,0,0,0,0
"98",808,"FDI, PLI",115,23000,108,6,1,0,110,22000,107,3,0,0,5,1000,1,3,1,0,0,0,0,0,0,0,0,0,0,0
"99",810,"FDI, NonCon, PLI",80,16000,38,28,6,8,53,10600,36,16,1,0,14,2800,2,12,0,0,13,0,0,5,8,0,0,0,0,0
"100",812,"FDI, NonCon, PLI, SX",32,6400,4,2,15,11,2,400,2,0,0,0,1,200,1,0,0,0,27,0,2,14,11,2,1,0,1,0
"101",814,"FDI, NonCon",89,17800,52,7,10,20,54,10800,50,1,0,3,0,0,0,0,0,0,35,2,6,10,17,0,0,0,0,0
"102",815,"FDI",65,13000,65,0,0,0,65,13000,65,0,0,0,0,0,0,0,0,0,0,0,0,0,0,0,0,0,0,0
"103",844,"PLI",88,17600,0,8,47,33,0,0,0,0,0,0,88,17600,0,8,47,33,0,0,0,0,0,0,0,0,0,0
"104",845,"PLI",314,62800,0,27,235,52,0,0,0,0,0,0,314,62800,0,27,235,52,0,0,0,0,0,0,0,0,0,0
"105",846,"PLI",180,36000,0,38,142,0,0,0,0,0,0,0,180,36000,0,38,142,0,0,0,0,0,0,0,0,0,0,0
"106",847,"FDI, PLI",80,16000,1,40,34,5,1,200,1,0,0,0,79,15800,0,40,34,5,0,0,0,0,0,0,0,0,0,0
"107",851,"PLI",149,29800,8,34,99,8,0,0,0,0,0,0,149,29800,8,34,99,8,0,0,0,0,0,0,0,0,0,0
"108",852,"PLI",85,17000,0,6,57,22,0,0,0,0,0,0,85,17000,0,6,57,22,0,0,0,0,0,0,0,0,0,0
"109",857,"FDI",143,28600,31,91,21,0,143,28600,31,91,21,0,0,0,0,0,0,0,0,0,0,0,0,0,0,0,0,0
"110",859,"FDI, NonCon, SX",168,33600,39,8,45,76,26,5200,19,7,0,0,0,0,0,0,0,0,121,0,0,45,76,21,20,1,0,0
"111",860,"FDI, NonCon, PLI, SX",10,2000,0,2,3,5,1,200,0,0,1,0,2,400,0,1,1,0,6,0,0,1,5,1,0,1,0,0
"112",865,"NR",0,0,0,0,0,0,0,0,0,0,0,0,0,0,0,0,0,0,0,0,0,0,0,0,0,0,0,0
"113",892,"PLI",27,5400,0,0,13,14,0,0,0,0,0,0,27,5400,0,0,13,14,0,0,0,0,0,0,0,0,0,0
"114",893,"PLI",70,14000,0,5,36,29,0,0,0,0,0,0,70,14000,0,5,36,29,0,0,0,0,0,0,0,0,0,0
"115",894,"PLI",60,12000,0,6,38,16,0,0,0,0,0,0,60,12000,0,6,38,16,0,0,0,0,0,0,0,0,0,0
"116",895,"FDI, PLI",206,41200,70,96,40,0,105,21000,68,37,0,0,101,20200,2,59,40,0,0,0,0,0,0,0,0,0,0,0
"117",899,"PLI",219,43800,24,48,124,23,0,0,0,0,0,0,219,43800,24,48,124,23,0,0,0,0,0,0,0,0,0,0
"118",900,"FDI, NonCon, PLI, SX",95,19000,29,3,63,0,14,2800,13,1,0,0,14,2800,13,1,0,0,63,0,0,63,0,4,3,1,0,0
"119",903,"FDI, NonCon, PLI",148,29600,73,71,3,1,144,28800,73,70,1,0,1,200,0,0,1,0,3,0,1,1,1,0,0,0,0,0
"120",907,"FDI",8,1600,0,8,0,0,8,1600,0,8,0,0,0,0,0,0,0,0,0,0,0,0,0,0,0,0,0,0
"121",933,"FDI",46,9200,31,2,7,6,46,9200,31,2,7,6,0,0,0,0,0,0,0,0,0,0,0,0,0,0,0,0
"122",939,"NonCon",29,5800,0,0,24,5,0,0,0,0,0,0,0,0,0,0,0,0,29,0,0,24,5,0,0,0,0,0
"123",949,"FDI, NonCon, PLI",79,15800,19,9,32,19,27,5400,19,8,0,0,1,200,0,1,0,0,51,0,0,32,19,0,0,0,0,0
"124",974,"PLI",65,13000,2,6,53,4,0,0,0,0,0,0,65,13000,2,6,53,4,0,0,0,0,0,0,0,0,0,0
"125",981,"FDI, NonCon",238,47600,24,150,63,1,232,46400,24,148,60,0,0,0,0,0,0,0,6,0,2,3,1,0,0,0,0,0
"126",988,"FDI, NonCon, PLI",10,2000,1,1,7,1,1,200,1,0,0,0,4,800,0,1,3,0,5,0,0,4,1,0,0,0,0,0
"127",1012,"PLI",1,200,0,0,0,1,0,0,0,0,0,0,1,200,0,0,0,1,0,0,0,0,0,0,0,0,0,0
"128",1022,"NonCon",38,7600,0,0,25,13,0,0,0,0,0,0,0,0,0,0,0,0,38,0,0,25,13,0,0,0,0,0
"129",1024,"FDI",5,1000,3,2,0,0,5,1000,3,2,0,0,0,0,0,0,0,0,0,0,0,0,0,0,0,0,0,0
"130",1045,"FDI",639,127800,463,175,1,0,639,127800,463,175,1,0,0,0,0,0,0,0,0,0,0,0,0,0,0,0,0,0
"131",1049,"FDI, NonCon, PLI",64,12800,2,9,32,21,9,1800,2,7,0,0,13,2600,0,2,10,1,42,0,0,22,20,0,0,0,0,0
"132",1050,"NonCon, PLI",104,20800,0,3,73,28,0,0,0,0,0,0,46,9200,0,3,43,0,58,0,0,30,28,0,0,0,0,0
"133",1052,"NonCon, PLI, SX",123,24600,4,55,63,1,0,0,0,0,0,0,116,23200,3,54,59,0,5,0,0,4,1,2,1,1,0,0
"134",1053,"FDI, NonCon, PLI",211,42200,117,87,5,2,198,39600,115,82,1,0,10,2000,2,5,2,1,3,0,0,2,1,0,0,0,0,0
"135",1068,"FDI, PLI",4,800,0,2,2,0,1,200,0,1,0,0,3,600,0,1,2,0,0,0,0,0,0,0,0,0,0,0
"136",1069,"NonCon, PLI",24,4800,3,3,14,4,0,0,0,0,0,0,7,1400,0,1,4,2,17,3,2,10,2,0,0,0,0,0
"137",1075,"FDI",4,800,2,2,0,0,4,800,2,2,0,0,0,0,0,0,0,0,0,0,0,0,0,0,0,0,0,0
"138",1080,"NonCon, SX",169,33800,0,1,39,129,0,0,0,0,0,0,0,0,0,0,0,0,168,0,0,39,129,1,0,1,0,0
"139",1099,"FDI, NonCon",240,48000,168,56,16,0,239,47800,168,56,15,0,0,0,0,0,0,0,1,0,0,1,0,0,0,0,0,0
"140",1108,"FDI",543,108600,539,4,0,0,543,108600,539,4,0,0,0,0,0,0,0,0,0,0,0,0,0,0,0,0,0,0
"141",1109,"NR",0,0,0,0,0,0,0,0,0,0,0,0,0,0,0,0,0,0,0,0,0,0,0,0,0,0,0,0
"142",1110,"FDI",230,46000,87,142,1,0,230,46000,87,142,1,0,0,0,0,0,0,0,0,0,0,0,0,0,0,0,0,0
"143",1111,"FDI, PLI",87,17400,59,4,24,0,60,12000,59,0,1,0,27,5400,0,4,23,0,0,0,0,0,0,0,0,0,0,0
"144",1113,"NonCon, PLI",19,3800,0,1,17,1,0,0,0,0,0,0,15,3000,0,1,14,0,4,0,0,3,1,0,0,0,0,0
"145",1114,"NonCon, PLI",55,11000,0,0,55,0,0,0,0,0,0,0,1,200,0,0,1,0,54,0,0,54,0,0,0,0,0,0
"146",1115,"PLI",26,5200,0,12,14,0,0,0,0,0,0,0,26,5200,0,12,14,0,0,0,0,0,0,0,0,0,0,0
"147",1139,"FDI, NonCon, PLI",375,75000,353,5,14,3,366,73200,353,5,7,1,5,1000,0,0,3,2,4,0,0,4,0,0,0,0,0,0
"148",1142,"FDI",172,34400,114,58,0,0,172,34400,114,58,0,0,0,0,0,0,0,0,0,0,0,0,0,0,0,0,0,0
"149",1144,"FDI, PLI",55,11000,3,27,25,0,1,200,1,0,0,0,54,10800,2,27,25,0,0,0,0,0,0,0,0,0,0,0
"150",1145,"NonCon, PLI",30,6000,1,0,29,0,0,0,0,0,0,0,15,3000,1,0,14,0,15,0,0,15,0,0,0,0,0,0
"151",1148,"NonCon, PLI",46,9200,0,6,33,7,0,0,0,0,0,0,27,5400,0,6,21,0,19,0,0,12,7,0,0,0,0,0
"152",1153,"PLI",31,6200,0,0,11,20,0,0,0,0,0,0,31,6200,0,0,11,20,0,0,0,0,0,0,0,0,0,0
"153",1160,"PLI",1163,232600,1,29,1128,5,0,0,0,0,0,0,1163,232600,1,29,1128,5,0,0,0,0,0,0,0,0,0,0
"154",1180,"FDI, NonCon, PLI",167,33400,15,78,53,21,88,17600,15,73,0,0,22,4400,0,4,18,0,57,0,1,35,21,0,0,0,0,0
"155",1182,"FDI, NonCon, PLI",190,38000,23,52,113,2,22,4400,16,6,0,0,104,20800,6,40,58,0,64,1,6,55,2,0,0,0,0,0
"156",1185,"NonCon, PLI",131,26200,19,61,44,7,0,0,0,0,0,0,116,23200,18,59,37,2,15,1,2,7,5,0,0,0,0,0
"157",1186,"NonCon, PLI",48,9600,5,30,10,3,0,0,0,0,0,0,1,200,0,1,0,0,47,5,29,10,3,0,0,0,0,0
"158",1192,"PLI",1,200,0,0,0,1,0,0,0,0,0,0,1,200,0,0,0,1,0,0,0,0,0,0,0,0,0,0
"159",1200,"PLI",206,41200,5,44,150,7,0,0,0,0,0,0,206,41200,5,44,150,7,0,0,0,0,0,0,0,0,0,0
"160",1207,"FDI, NonCon, PLI",64,12800,9,1,25,29,8,1600,7,1,0,0,3,600,2,0,0,1,53,0,0,25,28,0,0,0,0,0
"161",1209,"NonCon, PLI",69,13800,0,0,37,32,0,0,0,0,0,0,2,400,0,0,1,1,67,0,0,36,31,0,0,0,0,0
"162",1214,"FDI, NonCon, PLI",651,130200,309,305,27,10,625,125000,308,299,17,1,12,2400,1,6,4,1,14,0,0,6,8,0,0,0,0,0
"163",1219,"FDI, NonCon",2107,421400,1795,308,4,0,2103,420600,1795,308,0,0,0,0,0,0,0,0,4,0,0,4,0,0,0,0,0,0
"164",1220,"FDI",32,6400,30,1,0,1,32,6400,30,1,0,1,0,0,0,0,0,0,0,0,0,0,0,0,0,0,0,0
"165",1221,"FDI, NonCon, PLI",155,31000,2,22,80,51,1,200,0,1,0,0,33,6600,2,15,16,0,121,0,6,64,51,0,0,0,0,0
"166",1222,"FDI, PLI",95,19000,80,14,1,0,91,18200,77,13,1,0,4,800,3,1,0,0,0,0,0,0,0,0,0,0,0,0
"167",1225,"FDI, PLI",58,11600,32,25,0,1,37,7400,26,11,0,0,21,4200,6,14,0,1,0,0,0,0,0,0,0,0,0,0
"168",1235,"FDI, PLI",109,21800,40,44,19,6,1,200,1,0,0,0,108,21600,39,44,19,6,0,0,0,0,0,0,0,0,0,0
"169",1247,"FDI, NonCon, PLI",176,35200,76,42,31,27,136,27200,76,42,17,1,31,6200,0,0,7,24,9,0,0,7,2,0,0,0,0,0
"170",1253,"FDI",310,62000,119,183,8,0,310,62000,119,183,8,0,0,0,0,0,0,0,0,0,0,0,0,0,0,0,0,0
"171",1257,"FDI",302,60400,283,19,0,0,302,60400,283,19,0,0,0,0,0,0,0,0,0,0,0,0,0,0,0,0,0,0
"172",1258,"FDI",41,8200,16,25,0,0,41,8200,16,25,0,0,0,0,0,0,0,0,0,0,0,0,0,0,0,0,0,0
"173",1259,"FDI, NonCon, PLI",41,8200,6,14,16,5,13,2600,6,5,1,1,11,2200,0,9,2,0,17,0,0,13,4,0,0,0,0,0
"174",1261,"FDI",107,21400,99,2,6,0,107,21400,99,2,6,0,0,0,0,0,0,0,0,0,0,0,0,0,0,0,0,0
"175",1264,"NonCon, PLI",780,156000,8,589,183,0,0,0,0,0,0,0,778,155600,8,588,182,0,2,0,1,1,0,0,0,0,0,0
"176",1272,"PLI",160,32000,0,3,93,64,0,0,0,0,0,0,160,32000,0,3,93,64,0,0,0,0,0,0,0,0,0,0
"177",1273,"PLI",394,78800,7,142,244,1,0,0,0,0,0,0,394,78800,7,142,244,1,0,0,0,0,0,0,0,0,0,0
"178",1276,"PLI",147,29400,7,89,51,0,0,0,0,0,0,0,147,29400,7,89,51,0,0,0,0,0,0,0,0,0,0,0
"179",1294,"FDI, NonCon, SX",196,39200,39,125,32,0,147,29400,37,108,2,0,0,0,0,0,0,0,45,1,14,30,0,4,1,3,0,0
"180",1295,"FDI",685,137000,588,97,0,0,685,137000,588,97,0,0,0,0,0,0,0,0,0,0,0,0,0,0,0,0,0,0
"181",1297,"NR",0,0,0,0,0,0,0,0,0,0,0,0,0,0,0,0,0,0,0,0,0,0,0,0,0,0,0,0
"182",1298,"FDI",10,2000,4,6,0,0,10,2000,4,6,0,0,0,0,0,0,0,0,0,0,0,0,0,0,0,0,0,0
"183",1299,"FDI",265,53000,214,43,5,3,265,53000,214,43,5,3,0,0,0,0,0,0,0,0,0,0,0,0,0,0,0,0
"184",1319,"PLI",22,4400,2,10,9,1,0,0,0,0,0,0,22,4400,2,10,9,1,0,0,0,0,0,0,0,0,0,0
"185",1320,"PLI",262,52400,12,46,197,7,0,0,0,0,0,0,262,52400,12,46,197,7,0,0,0,0,0,0,0,0,0,0
"186",1321,"FDI, PLI",233,46600,12,27,193,1,4,800,2,1,1,0,229,45800,10,26,192,1,0,0,0,0,0,0,0,0,0,0
"187",1322,"FDI, PLI",126,25200,71,33,21,1,87,17400,70,16,1,0,39,7800,1,17,20,1,0,0,0,0,0,0,0,0,0,0
"188",1333,"FDI, NonCon, SX",41,8200,3,25,10,3,30,6000,3,22,5,0,0,0,0,0,0,0,8,0,0,5,3,3,0,3,0,0
"189",1335,"FDI, NonCon, PLI, SX",302,60400,44,95,150,13,41,8200,11,30,0,0,20,4000,3,16,1,0,194,4,28,149,13,47,26,21,0,0
"190",1340,"NonCon, PLI",259,51800,14,206,39,0,0,0,0,0,0,0,225,45000,10,187,28,0,34,4,19,11,0,0,0,0,0,0
"191",1341,"NonCon, PLI",164,32800,10,95,59,0,0,0,0,0,0,0,149,29800,10,89,50,0,15,0,6,9,0,0,0,0,0,0
"192",1356,"PLI",37,7400,0,2,10,25,0,0,0,0,0,0,37,7400,0,2,10,25,0,0,0,0,0,0,0,0,0,0
"193",1362,"NR",0,0,0,0,0,0,0,0,0,0,0,0,0,0,0,0,0,0,0,0,0,0,0,0,0,0,0,0
"194",1364,"FDI",2,400,2,0,0,0,2,400,2,0,0,0,0,0,0,0,0,0,0,0,0,0,0,0,0,0,0,0
"195",1367,"FDI, NonCon, PLI",12,2400,1,6,4,1,7,1400,1,6,0,0,3,600,0,0,3,0,2,0,0,1,1,0,0,0,0,0
"196",1398,"FDI, PLI, SX",262,52400,73,148,40,1,54,10800,48,6,0,0,207,41400,25,142,39,1,0,0,0,0,0,1,0,0,1,0
"197",1400,"PLI",40,8000,0,5,35,0,0,0,0,0,0,0,40,8000,0,5,35,0,0,0,0,0,0,0,0,0,0,0
"198",1401,"FDI, PLI",254,50800,3,100,151,0,2,400,1,1,0,0,252,50400,2,99,151,0,0,0,0,0,0,0,0,0,0,0
"199",1413,"NonCon, PLI, SX",88,17600,33,10,25,20,0,0,0,0,0,0,4,800,4,0,0,0,34,0,1,16,17,50,29,9,9,3
"200",1421,"NonCon, PLI",16,3200,1,0,5,10,0,0,0,0,0,0,14,2800,1,0,4,9,2,0,0,1,1,0,0,0,0,0
"201",1422,"PLI",1,200,0,0,1,0,0,0,0,0,0,0,1,200,0,0,1,0,0,0,0,0,0,0,0,0,0,0
"202",1423,"NR",0,0,0,0,0,0,0,0,0,0,0,0,0,0,0,0,0,0,0,0,0,0,0,0,0,0,0,0
"203",1425,"FDI, NonCon, PLI, SX",155,31000,6,37,94,18,2,400,1,1,0,0,39,7800,2,19,13,5,113,3,17,80,13,1,0,0,1,0
"204",1430,"FDI",71,14200,12,10,48,1,71,14200,12,10,48,1,0,0,0,0,0,0,0,0,0,0,0,0,0,0,0,0
"205",1438,"FDI, NonCon, PLI",57,11400,12,14,31,0,15,3000,12,2,1,0,41,8200,0,12,29,0,1,0,0,1,0,0,0,0,0,0
"206",1439,"NonCon, PLI",145,29000,0,3,113,29,0,0,0,0,0,0,141,28200,0,3,112,26,4,0,0,1,3,0,0,0,0,0
"207",1440,"NonCon, PLI",44,8800,0,7,24,13,0,0,0,0,0,0,3,600,0,0,1,2,41,0,7,23,11,0,0,0,0,0
"208",1450,"NonCon, PLI",66,13200,2,4,40,20,0,0,0,0,0,0,10,2000,2,1,7,0,56,0,3,33,20,0,0,0,0,0
"209",1460,"FDI, NonCon",62,12400,13,15,12,22,35,7000,13,15,7,0,0,0,0,0,0,0,27,0,0,5,22,0,0,0,0,0
"210",1461,"NonCon, PLI",36,7200,0,2,10,24,0,0,0,0,0,0,32,6400,0,2,9,21,4,0,0,1,3,0,0,0,0,0
"211",1467,"NR",0,0,0,0,0,0,0,0,0,0,0,0,0,0,0,0,0,0,0,0,0,0,0,0,0,0,0,0
"212",1476,"NonCon, PLI",805,161000,0,29,776,0,0,0,0,0,0,0,792,158400,0,24,768,0,13,0,5,8,0,0,0,0,0,0
"213",1478,"FDI, NonCon, PLI",129,25800,0,0,75,54,4,800,0,0,0,4,21,4200,0,0,10,11,104,0,0,65,39,0,0,0,0,0
"214",1479,"NR",0,0,0,0,0,0,0,0,0,0,0,0,0,0,0,0,0,0,0,0,0,0,0,0,0,0,0,0
"215",1481,"PLI",26,5200,0,0,26,0,0,0,0,0,0,0,26,5200,0,0,26,0,0,0,0,0,0,0,0,0,0,0
"216",1482,"NR",0,0,0,0,0,0,0,0,0,0,0,0,0,0,0,0,0,0,0,0,0,0,0,0,0,0,0,0
"217",1484,"NonCon",14,2800,0,0,6,8,0,0,0,0,0,0,0,0,0,0,0,0,14,0,0,6,8,0,0,0,0,0
"218",1485,"NonCon, PLI",66,13200,2,25,38,1,0,0,0,0,0,0,65,13000,2,25,37,1,1,0,0,1,0,0,0,0,0,0
"219",1487,"PLI",7,1400,0,0,0,7,0,0,0,0,0,0,7,1400,0,0,0,7,0,0,0,0,0,0,0,0,0,0
"220",1498,"NonCon, PLI",13,2600,1,1,10,1,0,0,0,0,0,0,7,1400,1,1,5,0,6,0,0,5,1,0,0,0,0,0
"221",1500,"PLI",78,15600,0,6,72,0,0,0,0,0,0,0,78,15600,0,6,72,0,0,0,0,0,0,0,0,0,0,0
"222",1501,"PLI",20,4000,0,0,20,0,0,0,0,0,0,0,20,4000,0,0,20,0,0,0,0,0,0,0,0,0,0,0
"223",1502,"NonCon",82,16400,0,0,12,70,0,0,0,0,0,0,0,0,0,0,0,0,82,0,0,12,70,0,0,0,0,0
"224",1503,"NonCon, PLI",98,19600,0,0,75,23,0,0,0,0,0,0,4,800,0,0,3,1,94,0,0,72,22,0,0,0,0,0
"225",1504,"FDI, PLI",9,1800,0,2,6,1,1,200,0,1,0,0,8,1600,0,1,6,1,0,0,0,0,0,0,0,0,0,0
"226",1505,"PLI",204,40800,0,5,199,0,0,0,0,0,0,0,204,40800,0,5,199,0,0,0,0,0,0,0,0,0,0,0
"227",1507,"FDI, NonCon, PLI",52,10400,0,0,29,23,3,600,0,0,0,3,16,3200,0,0,8,8,33,0,0,21,12,0,0,0,0,0
"228",1508,"PLI",14,2800,0,3,1,10,0,0,0,0,0,0,14,2800,0,3,1,10,0,0,0,0,0,0,0,0,0,0
"229",1510,"NR",430,86000,0,15,415,0,0,0,0,0,0,0,0,0,0,0,0,0,0,0,0,0,0,0,0,0,0,0
"230",1511,"PLI",360,72000,0,0,360,0,0,0,0,0,0,0,360,72000,0,0,360,0,0,0,0,0,0,0,0,0,0,0
"231",1514,"NonCon, PLI",34,6800,0,1,27,6,0,0,0,0,0,0,1,200,0,0,1,0,33,0,1,26,6,0,0,0,0,0
"232",1518,"PLI",21,4200,0,14,7,0,0,0,0,0,0,0,21,4200,0,14,7,0,0,0,0,0,0,0,0,0,0,0
"233",1522,"PLI",85,17000,14,33,38,0,0,0,0,0,0,0,85,17000,14,33,38,0,0,0,0,0,0,0,0,0,0,0
"234",1526,"PLI",18,3600,0,3,2,13,0,0,0,0,0,0,18,3600,0,3,2,13,0,0,0,0,0,0,0,0,0,0
"235",1527,"PLI",404,80800,0,101,303,0,0,0,0,0,0,0,404,80800,0,101,303,0,0,0,0,0,0,0,0,0,0,0
"236",1529,"PLI",468,93600,0,3,465,0,0,0,0,0,0,0,468,93600,0,3,465,0,0,0,0,0,0,0,0,0,0,0
"237",1531,"FDI, NonCon, PLI",35,7000,1,0,9,25,1,200,1,0,0,0,3,600,0,0,3,0,31,0,0,6,25,0,0,0,0,0
"238",1535,"NonCon, PLI",19,3800,0,0,0,19,0,0,0,0,0,0,18,3600,0,0,0,18,1,0,0,0,1,0,0,0,0,0
"239",1538,"PLI",2,400,0,2,0,0,0,0,0,0,0,0,2,400,0,2,0,0,0,0,0,0,0,0,0,0,0,0
"240",1539,"PLI",399,79800,0,83,301,15,0,0,0,0,0,0,399,79800,0,83,301,15,0,0,0,0,0,0,0,0,0,0
"241",1540,"PLI",46,9200,1,14,26,5,0,0,0,0,0,0,46,9200,1,14,26,5,0,0,0,0,0,0,0,0,0,0
"242",1542,"PLI",184,36800,0,21,163,0,0,0,0,0,0,0,184,36800,0,21,163,0,0,0,0,0,0,0,0,0,0,0
"243",1544,"PLI",3,600,0,0,2,1,0,0,0,0,0,0,3,600,0,0,2,1,0,0,0,0,0,0,0,0,0,0
"244",1552,"FDI",161,32200,161,0,0,0,161,32200,161,0,0,0,0,0,0,0,0,0,0,0,0,0,0,0,0,0,0,0
"245",1554,"PLI",62,12400,1,1,52,8,0,0,0,0,0,0,62,12400,1,1,52,8,0,0,0,0,0,0,0,0,0,0
"246",1557,"PLI",90,18000,18,42,26,4,0,0,0,0,0,0,90,18000,18,42,26,4,0,0,0,0,0,0,0,0,0,0
"247",1558,"PLI",402,80400,2,27,373,0,0,0,0,0,0,0,402,80400,2,27,373,0,0,0,0,0,0,0,0,0,0,0
"248",1559,"PLI",51,10200,0,10,5,36,0,0,0,0,0,0,51,10200,0,10,5,36,0,0,0,0,0,0,0,0,0,0
"249",1560,"NonCon, PLI, SX",129,25800,5,13,108,3,0,0,0,0,0,0,9,1800,0,2,7,0,44,0,0,41,3,76,5,11,60,0
"250",1562,"FDI, NonCon, PLI",5,1000,0,3,1,1,3,600,0,3,0,0,1,200,0,0,1,0,1,0,0,0,1,0,0,0,0,0
"251",1564,"PLI",26,5200,0,3,23,0,0,0,0,0,0,0,26,5200,0,3,23,0,0,0,0,0,0,0,0,0,0,0
"252",1567,"PLI",120,24000,1,12,100,7,0,0,0,0,0,0,120,24000,1,12,100,7,0,0,0,0,0,0,0,0,0,0
"253",1569,"PLI",227,45400,0,8,219,0,0,0,0,0,0,0,227,45400,0,8,219,0,0,0,0,0,0,0,0,0,0,0
"254",1571,"PLI",808,161600,0,41,767,0,0,0,0,0,0,0,808,161600,0,41,767,0,0,0,0,0,0,0,0,0,0,0
"255",1573,"PLI",49,9800,8,4,31,6,0,0,0,0,0,0,49,9800,8,4,31,6,0,0,0,0,0,0,0,0,0,0
"256",1577,"PLI",43,8600,0,4,21,18,0,0,0,0,0,0,43,8600,0,4,21,18,0,0,0,0,0,0,0,0,0,0
"257",1578,"PLI",361,72200,0,71,274,16,0,0,0,0,0,0,361,72200,0,71,274,16,0,0,0,0,0,0,0,0,0,0
"258",1579,"NonCon, PLI",132,26400,0,33,88,11,0,0,0,0,0,0,131,26200,0,32,88,11,1,0,1,0,0,0,0,0,0,0
"259",1580,"PLI",13,2600,1,0,1,11,0,0,0,0,0,0,13,2600,1,0,1,11,0,0,0,0,0,0,0,0,0,0
"260",1581,"PLI",50,10000,0,7,21,22,0,0,0,0,0,0,50,10000,0,7,21,22,0,0,0,0,0,0,0,0,0,0
"261",1583,"NonCon, PLI",478,95600,0,7,387,84,0,0,0,0,0,0,465,93000,0,5,380,80,13,0,2,7,4,0,0,0,0,0
"262",1584,"PLI",220,44000,0,5,188,27,0,0,0,0,0,0,220,44000,0,5,188,27,0,0,0,0,0,0,0,0,0,0
"263",1587,"NonCon, PLI",9,1800,1,0,2,6,0,0,0,0,0,0,7,1400,1,0,2,4,2,0,0,0,2,0,0,0,0,0
"264",1589,"PLI",3,600,0,0,1,2,0,0,0,0,0,0,3,600,0,0,1,2,0,0,0,0,0,0,0,0,0,0
"265",1590,"NonCon, PLI, SX",428,85600,103,116,55,154,0,0,0,0,0,0,8,1600,1,5,2,0,201,0,0,47,154,219,102,111,6,0
"266",1591,"PLI",15,3000,2,5,7,1,0,0,0,0,0,0,15,3000,2,5,7,1,0,0,0,0,0,0,0,0,0,0
"267",1592,"PLI",6,1200,0,0,1,5,0,0,0,0,0,0,6,1200,0,0,1,5,0,0,0,0,0,0,0,0,0,0
"268",1594,"NonCon, PLI",35,7000,0,3,8,24,0,0,0,0,0,0,24,4800,0,3,5,16,11,0,0,3,8,0,0,0,0,0
"269",1596,"FDI, PLI",15,3000,0,2,1,12,1,200,0,0,0,1,14,2800,0,2,1,11,0,0,0,0,0,0,0,0,0,0
"270",1598,"NonCon, PLI",16,3200,0,0,4,12,0,0,0,0,0,0,15,3000,0,0,4,11,1,0,0,0,1,0,0,0,0,0
"271",1601,"PLI",59,11800,0,2,33,24,0,0,0,0,0,0,59,11800,0,2,33,24,0,0,0,0,0,0,0,0,0,0
"272",1602,"NonCon, PLI",680,136000,61,511,92,16,0,0,0,0,0,0,610,122000,61,511,38,0,70,0,0,54,16,0,0,0,0,0
"273",1604,"PLI",3,600,0,0,0,3,0,0,0,0,0,0,3,600,0,0,0,3,0,0,0,0,0,0,0,0,0,0
"274",1605,"PLI",8,1600,0,0,4,4,0,0,0,0,0,0,8,1600,0,0,4,4,0,0,0,0,0,0,0,0,0,0
"275",1606,"PLI",849,169800,0,8,841,0,0,0,0,0,0,0,849,169800,0,8,841,0,0,0,0,0,0,0,0,0,0,0
"276",1607,"NonCon, PLI",81,16200,0,10,38,33,0,0,0,0,0,0,44,8800,0,2,11,31,37,0,8,27,2,0,0,0,0,0
"277",1608,"PLI",12,2400,0,1,1,10,0,0,0,0,0,0,12,2400,0,1,1,10,0,0,0,0,0,0,0,0,0,0
"278",1609,"NonCon, PLI",15,3000,4,0,2,9,0,0,0,0,0,0,10,2000,4,0,0,6,5,0,0,2,3,0,0,0,0,0
"279",1612,"NonCon, PLI",100,20000,0,60,40,0,0,0,0,0,0,0,95,19000,0,60,35,0,5,0,0,5,0,0,0,0,0,0
"280",1615,"PLI",10,2000,1,1,6,2,0,0,0,0,0,0,10,2000,1,1,6,2,0,0,0,0,0,0,0,0,0,0
"281",1617,"PLI, SX",133,26600,1,2,112,18,0,0,0,0,0,0,128,25600,0,0,110,18,0,0,0,0,0,5,1,2,2,0
"282",1619,"PLI",624,124800,0,26,598,0,0,0,0,0,0,0,624,124800,0,26,598,0,0,0,0,0,0,0,0,0,0,0
"283",1620,"PLI",518,103600,1,3,481,33,0,0,0,0,0,0,518,103600,1,3,481,33,0,0,0,0,0,0,0,0,0,0
"284",1623,"NR",0,0,0,0,0,0,0,0,0,0,0,0,0,0,0,0,0,0,0,0,0,0,0,0,0,0,0,0
"285",1624,"PLI",66,13200,0,0,6,60,0,0,0,0,0,0,66,13200,0,0,6,60,0,0,0,0,0,0,0,0,0,0
"286",1625,"PLI",14,2800,0,3,8,3,0,0,0,0,0,0,14,2800,0,3,8,3,0,0,0,0,0,0,0,0,0,0
"287",1627,"NonCon, PLI, SX",50,10000,2,6,13,29,0,0,0,0,0,0,17,3400,0,1,1,15,19,0,0,5,14,14,2,5,7,0
"288",1628,"PLI",8,1600,0,0,6,2,0,0,0,0,0,0,8,1600,0,0,6,2,0,0,0,0,0,0,0,0,0,0
"289",1630,"PLI",99,19800,0,0,64,35,0,0,0,0,0,0,99,19800,0,0,64,35,0,0,0,0,0,0,0,0,0,0
"290",1631,"NonCon, PLI",65,13000,0,6,38,21,0,0,0,0,0,0,31,6200,0,6,22,3,34,0,0,16,18,0,0,0,0,0
"291",1634,"NonCon, PLI",211,42200,2,64,145,0,0,0,0,0,0,0,207,41400,2,64,141,0,4,0,0,4,0,0,0,0,0,0
"292",1635,"PLI",93,18600,1,7,85,0,0,0,0,0,0,0,93,18600,1,7,85,0,0,0,0,0,0,0,0,0,0,0
"293",1637,"NonCon, PLI",25,5000,0,0,22,3,0,0,0,0,0,0,11,2200,0,0,11,0,14,0,0,11,3,0,0,0,0,0
"294",1640,"NonCon",2,400,0,0,2,0,0,0,0,0,0,0,0,0,0,0,0,0,2,0,0,2,0,0,0,0,0,0
"295",1643,"NonCon, PLI",95,19000,0,14,51,30,0,0,0,0,0,0,94,18800,0,14,50,30,1,0,0,1,0,0,0,0,0,0
"296",1644,"PLI",126,25200,0,3,101,22,0,0,0,0,0,0,126,25200,0,3,101,22,0,0,0,0,0,0,0,0,0,0
"297",1645,"PLI",21,4200,0,1,3,17,0,0,0,0,0,0,21,4200,0,1,3,17,0,0,0,0,0,0,0,0,0,0
"298",1647,"PLI",567,113400,15,298,254,0,0,0,0,0,0,0,567,113400,15,298,254,0,0,0,0,0,0,0,0,0,0,0
"299",1648,"PLI",4,800,0,0,4,0,0,0,0,0,0,0,4,800,0,0,4,0,0,0,0,0,0,0,0,0,0,0
"300",1649,"PLI",5,1000,0,1,4,0,0,0,0,0,0,0,5,1000,0,1,4,0,0,0,0,0,0,0,0,0,0,0
"301",1651,"NonCon, PLI",95,19000,2,2,23,68,0,0,0,0,0,0,6,1200,2,2,2,0,89,0,0,21,68,0,0,0,0,0
"302",1653,"PLI",85,17000,0,4,76,5,0,0,0,0,0,0,85,17000,0,4,76,5,0,0,0,0,0,0,0,0,0,0
"303",1657,"PLI, SX",28,5600,0,1,17,10,0,0,0,0,0,0,26,5200,0,0,16,10,0,0,0,0,0,2,0,1,1,0
"304",1658,"PLI",69,13800,0,16,43,10,0,0,0,0,0,0,69,13800,0,16,43,10,0,0,0,0,0,0,0,0,0,0
"305",1662,"NonCon, PLI",15,3000,0,5,10,0,0,0,0,0,0,0,14,2800,0,5,9,0,1,0,0,1,0,0,0,0,0,0
"306",1663,"PLI",40,8000,31,3,0,6,0,0,0,0,0,0,40,8000,31,3,0,6,0,0,0,0,0,0,0,0,0,0
"307",1665,"PLI",129,25800,3,2,121,3,0,0,0,0,0,0,129,25800,3,2,121,3,0,0,0,0,0,0,0,0,0,0
"308",1666,"NonCon, PLI, SX",28,5600,2,8,18,0,0,0,0,0,0,0,25,5000,1,8,16,0,2,0,0,2,0,1,1,0,0,0
"309",1672,"PLI",6,1200,0,0,6,0,0,0,0,0,0,0,6,1200,0,0,6,0,0,0,0,0,0,0,0,0,0,0
"310",1674,"PLI",70,14000,1,49,20,0,0,0,0,0,0,0,70,14000,1,49,20,0,0,0,0,0,0,0,0,0,0,0
"311",1675,"PLI",271,54200,0,58,213,0,0,0,0,0,0,0,271,54200,0,58,213,0,0,0,0,0,0,0,0,0,0,0
"312",1678,"PLI",128,25600,5,49,74,0,0,0,0,0,0,0,128,25600,5,49,74,0,0,0,0,0,0,0,0,0,0,0
"313",1679,"SX",4,800,0,0,0,4,0,0,0,0,0,0,0,0,0,0,0,0,0,0,0,0,0,4,0,0,0,4
"314",1685,"PLI",298,59600,66,180,52,0,0,0,0,0,0,0,298,59600,66,180,52,0,0,0,0,0,0,0,0,0,0,0
"315",1686,"PLI",306,61200,9,112,185,0,0,0,0,0,0,0,306,61200,9,112,185,0,0,0,0,0,0,0,0,0,0,0
"316",1701,"NR",0,0,0,0,0,0,0,0,0,0,0,0,0,0,0,0,0,0,0,0,0,0,0,0,0,0,0,0
"317",1702,"PLI",359,71800,12,210,137,0,0,0,0,0,0,0,359,71800,12,210,137,0,0,0,0,0,0,0,0,0,0,0
"318",1705,"PLI",186,37200,1,28,157,0,0,0,0,0,0,0,186,37200,1,28,157,0,0,0,0,0,0,0,0,0,0,0
"319",1706,"PLI",231,46200,2,51,178,0,0,0,0,0,0,0,231,46200,2,51,178,0,0,0,0,0,0,0,0,0,0,0
"320",1707,"PLI",97,19400,0,6,91,0,0,0,0,0,0,0,97,19400,0,6,91,0,0,0,0,0,0,0,0,0,0,0
"321",1708,"PLI",856,171200,19,627,210,0,0,0,0,0,0,0,856,171200,19,627,210,0,0,0,0,0,0,0,0,0,0,0
"322",1723,"PLI",94,18800,3,24,67,0,0,0,0,0,0,0,94,18800,3,24,67,0,0,0,0,0,0,0,0,0,0,0
"323",1724,"NR",0,0,0,0,0,0,0,0,0,0,0,0,0,0,0,0,0,0,0,0,0,0,0,0,0,0,0,0
"324",1738,"PLI",20,4000,5,13,2,0,0,0,0,0,0,0,20,4000,5,13,2,0,0,0,0,0,0,0,0,0,0,0
"325",1739,"NonCon, PLI",17,3400,0,5,9,3,0,0,0,0,0,0,6,1200,0,5,1,0,11,0,0,8,3,0,0,0,0,0
"326",1754,"PLI",2040,408000,0,928,1112,0,0,0,0,0,0,0,2040,408000,0,928,1112,0,0,0,0,0,0,0,0,0,0,0
"327",1757,"PLI",545,109000,10,30,505,0,0,0,0,0,0,0,545,109000,10,30,505,0,0,0,0,0,0,0,0,0,0,0
"328",1759,"PLI",5,1000,0,0,5,0,0,0,0,0,0,0,5,1000,0,0,5,0,0,0,0,0,0,0,0,0,0,0
"329",1760,"NonCon, PLI, SX",93,18600,58,13,20,2,0,0,0,0,0,0,17,3400,5,4,8,0,17,0,3,12,2,59,53,6,0,0
"330",1761,"PLI",5,1000,0,2,3,0,0,0,0,0,0,0,5,1000,0,2,3,0,0,0,0,0,0,0,0,0,0,0
"331",1770,"PLI",682,136400,9,401,272,0,0,0,0,0,0,0,682,136400,9,401,272,0,0,0,0,0,0,0,0,0,0,0
"332",1771,"PLI",231,46200,11,165,55,0,0,0,0,0,0,0,231,46200,11,165,55,0,0,0,0,0,0,0,0,0,0,0
"333",1772,"PLI",119,23800,0,14,105,0,0,0,0,0,0,0,119,23800,0,14,105,0,0,0,0,0,0,0,0,0,0,0
"334",1789,"PLI",46,9200,0,0,43,3,0,0,0,0,0,0,46,9200,0,0,43,3,0,0,0,0,0,0,0,0,0,0
"335",1791,"PLI",137,27400,21,110,6,0,0,0,0,0,0,0,137,27400,21,110,6,0,0,0,0,0,0,0,0,0,0,0
"336",1792,"NonCon, PLI",164,32800,6,29,118,11,0,0,0,0,0,0,119,23800,6,29,84,0,45,0,0,34,11,0,0,0,0,0
"337",1793,"NonCon, PLI",170,34000,8,47,106,9,0,0,0,0,0,0,127,25400,8,47,72,0,43,0,0,34,9,0,0,0,0,0
"338",1794,"NR",326,65200,0,43,283,0,0,0,0,0,0,0,0,0,0,0,0,0,0,0,0,0,0,0,0,0,0,0
"339",1795,"NonCon, PLI",162,32400,36,76,36,14,0,0,0,0,0,0,129,25800,36,76,17,0,33,0,0,19,14,0,0,0,0,0
"340",1796,"NR",0,0,0,0,0,0,0,0,0,0,0,0,0,0,0,0,0,0,0,0,0,0,0,0,0,0,0,0
"341",1798,"PLI",102,20400,0,12,90,0,0,0,0,0,0,0,102,20400,0,12,90,0,0,0,0,0,0,0,0,0,0,0
"342",1805,"PLI",400,80000,39,299,62,0,0,0,0,0,0,0,400,80000,39,299,62,0,0,0,0,0,0,0,0,0,0,0
"343",1807,"NR",0,0,0,0,0,0,0,0,0,0,0,0,0,0,0,0,0,0,0,0,0,0,0,0,0,0,0,0
"344",1816,"NR",0,0,0,0,0,0,0,0,0,0,0,0,0,0,0,0,0,0,0,0,0,0,0,0,0,0,0,0
"345",1825,"PLI",898,179600,3,33,862,0,0,0,0,0,0,0,898,179600,3,33,862,0,0,0,0,0,0,0,0,0,0,0
"346",1831,"NR",0,0,0,0,0,0,0,0,0,0,0,0,0,0,0,0,0,0,0,0,0,0,0,0,0,0,0,0
"347",1833,"NonCon, PLI",241,48200,3,66,168,4,0,0,0,0,0,0,232,46400,3,66,163,0,9,0,0,5,4,0,0,0,0,0
"348",1835,"NR",0,0,0,0,0,0,0,0,0,0,0,0,0,0,0,0,0,0,0,0,0,0,0,0,0,0,0,0
"349",1836,"NR",0,0,0,0,0,0,0,0,0,0,0,0,0,0,0,0,0,0,0,0,0,0,0,0,0,0,0,0
"350",1840,"NR",0,0,0,0,0,0,0,0,0,0,0,0,0,0,0,0,0,0,0,0,0,0,0,0,0,0,0,0
"351",1844,"PLI, SX",272,54400,38,220,14,0,0,0,0,0,0,0,233,46600,25,194,14,0,0,0,0,0,0,39,13,26,0,0
"352",1845,"PLI",18,3600,1,3,14,0,0,0,0,0,0,0,18,3600,1,3,14,0,0,0,0,0,0,0,0,0,0,0
"353",1876,"PLI, SX",515,103000,112,207,196,0,0,0,0,0,0,0,406,81200,3,207,196,0,0,0,0,0,0,109,109,0,0,0
"354",1889,"PLI",918,183600,12,520,386,0,0,0,0,0,0,0,918,183600,12,520,386,0,0,0,0,0,0,0,0,0,0,0
"355",1916,"PLI",255,51000,16,43,172,24,0,0,0,0,0,0,255,51000,16,43,172,24,0,0,0,0,0,0,0,0,0,0
"356",1931,"NonCon, PLI, SX",157,31400,1,6,149,1,0,0,0,0,0,0,155,31000,0,6,149,0,1,0,0,0,1,1,1,0,0,0
"357",1936,"NR",0,0,0,0,0,0,0,0,0,0,0,0,0,0,0,0,0,0,0,0,0,0,0,0,0,0,0,0
"358",1942,"NR",0,0,0,0,0,0,0,0,0,0,0,0,0,0,0,0,0,0,0,0,0,0,0,0,0,0,0,0
"359",1979,"PLI",255,51000,36,78,141,0,0,0,0,0,0,0,255,51000,36,78,141,0,0,0,0,0,0,0,0,0,0,0
"360",1981,"PLI",632,126400,5,235,392,0,0,0,0,0,0,0,632,126400,5,235,392,0,0,0,0,0,0,0,0,0,0,0
"361",1982,"PLI, SX",291,58200,14,163,114,0,0,0,0,0,0,0,206,41200,13,111,82,0,0,0,0,0,0,85,1,52,32,0
"362",2034,"NonCon",43,8600,6,16,6,15,0,0,0,0,0,0,0,0,0,0,0,0,43,6,16,6,15,0,0,0,0,0
"363",2035,"PLI",1235,247000,2,710,523,0,0,0,0,0,0,0,1235,247000,2,710,523,0,0,0,0,0,0,0,0,0,0,0
"364",2041,"NonCon, PLI",15,3000,2,0,11,2,0,0,0,0,0,0,7,1400,2,0,5,0,8,0,0,6,2,0,0,0,0,0
"365",2042,"NR",0,0,0,0,0,0,0,0,0,0,0,0,0,0,0,0,0,0,0,0,0,0,0,0,0,0,0,0
"366",2043,"NR",0,0,0,0,0,0,0,0,0,0,0,0,0,0,0,0,0,0,0,0,0,0,0,0,0,0,0,0
"367",2107,"PLI",115,23000,16,79,20,0,0,0,0,0,0,0,115,23000,16,79,20,0,0,0,0,0,0,0,0,0,0,0
"368",2108,"PLI",182,36400,27,104,51,0,0,0,0,0,0,0,182,36400,27,104,51,0,0,0,0,0,0,0,0,0,0,0
"369",2111,"PLI",114,22800,1,73,40,0,0,0,0,0,0,0,114,22800,1,73,40,0,0,0,0,0,0,0,0,0,0,0
"370",2113,"NR",0,0,0,0,0,0,0,0,0,0,0,0,0,0,0,0,0,0,0,0,0,0,0,0,0,0,0,0
"371",2115,"NR",0,0,0,0,0,0,0,0,0,0,0,0,0,0,0,0,0,0,0,0,0,0,0,0,0,0,0,0
"372",2155,"NonCon, PLI",89,17800,8,24,49,8,0,0,0,0,0,0,42,8400,8,14,20,0,47,0,10,29,8,0,0,0,0,0
"373",2158,"PLI",0,0,0,0,0,0,0,0,0,0,0,0,0,0,0,0,0,0,0,0,0,0,0,0,0,0,0,0
"374",2159,"PLI",36,7200,9,7,20,0,0,0,0,0,0,0,36,7200,9,7,20,0,0,0,0,0,0,0,0,0,0,0
"375",2163,"PLI",144,28800,20,104,20,0,0,0,0,0,0,0,144,28800,20,104,20,0,0,0,0,0,0,0,0,0,0,0
"376",2195,"NonCon, PLI",13,2600,0,0,13,0,0,0,0,0,0,0,4,800,0,0,4,0,9,0,0,9,0,0,0,0,0,0
"377",2200,"NonCon, PLI",2849,569800,186,2223,440,0,0,0,0,0,0,0,2842,568400,186,2216,440,0,7,0,7,0,0,0,0,0,0,0
"378",2202,"NonCon, PLI",587,117400,74,425,88,0,0,0,0,0,0,0,492,98400,63,367,62,0,95,11,58,26,0,0,0,0,0,0
"379",2205,"NonCon, PLI, SX",30,6000,2,1,18,9,0,0,0,0,0,0,2,400,1,1,0,0,27,0,0,18,9,1,1,0,0,0
"380",2208,"NR",0,0,0,0,0,0,0,0,0,0,0,0,0,0,0,0,0,0,0,0,0,0,0,0,0,0,0,0
"381",2210,"NR",0,0,0,0,0,0,0,0,0,0,0,0,0,0,0,0,0,0,0,0,0,0,0,0,0,0,0,0
"382",2211,"PLI",325,65000,29,146,150,0,0,0,0,0,0,0,325,65000,29,146,150,0,0,0,0,0,0,0,0,0,0,0
"383",2212,"PLI",69,13800,0,26,43,0,0,0,0,0,0,0,69,13800,0,26,43,0,0,0,0,0,0,0,0,0,0,0
"384",2213,"NR",0,0,0,0,0,0,0,0,0,0,0,0,0,0,0,0,0,0,0,0,0,0,0,0,0,0,0,0
"385",2251,"PLI",58,11600,0,32,26,0,0,0,0,0,0,0,58,11600,0,32,26,0,0,0,0,0,0,0,0,0,0,0
"386",2253,"SX",3,600,0,1,0,2,0,0,0,0,0,0,0,0,0,0,0,0,0,0,0,0,0,3,0,1,0,2
"387",2269,"NR",0,0,0,0,0,0,0,0,0,0,0,0,0,0,0,0,0,0,0,0,0,0,0,0,0,0,0,0
"388",2271,"NR",0,0,0,0,0,0,0,0,0,0,0,0,0,0,0,0,0,0,0,0,0,0,0,0,0,0,0,0
"389",2272,"PLI",14,2800,1,10,3,0,0,0,0,0,0,0,14,2800,1,10,3,0,0,0,0,0,0,0,0,0,0,0
"390",2311,"PLI",20,4000,7,9,4,0,0,0,0,0,0,0,20,4000,7,9,4,0,0,0,0,0,0,0,0,0,0,0
"391",2312,"PLI, SX",90,18000,16,62,12,0,0,0,0,0,0,0,79,15800,11,56,12,0,0,0,0,0,0,11,5,6,0,0
"392",2317,"PLI",134,26800,0,67,67,0,0,0,0,0,0,0,134,26800,0,67,67,0,0,0,0,0,0,0,0,0,0,0
"393",2318,"PLI",105,21000,11,50,44,0,0,0,0,0,0,0,105,21000,11,50,44,0,0,0,0,0,0,0,0,0,0,0
"394",2334,"PLI",0,0,0,0,0,0,0,0,0,0,0,0,0,0,0,0,0,0,0,0,0,0,0,0,0,0,0,0
"395",2336,"PLI",87,17400,87,0,0,0,0,0,0,0,0,0,87,17400,87,0,0,0,0,0,0,0,0,0,0,0,0,0
"396",2378,"PLI",117,23400,3,9,105,0,0,0,0,0,0,0,117,23400,3,9,105,0,0,0,0,0,0,0,0,0,0,0
"397",2379,"PLI",522,104400,0,112,410,0,0,0,0,0,0,0,522,104400,0,112,410,0,0,0,0,0,0,0,0,0,0,0
"398",2380,"PLI",109,21800,0,59,50,0,0,0,0,0,0,0,109,21800,0,59,50,0,0,0,0,0,0,0,0,0,0,0
"399",2412,"NonCon, PLI",124,24800,0,11,113,0,0,0,0,0,0,0,123,24600,0,11,112,0,1,0,0,1,0,0,0,0,0,0
"400",2414,"NonCon",7,1400,0,0,5,2,0,0,0,0,0,0,0,0,0,0,0,0,7,0,0,5,2,0,0,0,0,0
"401",2460,"PLI",193,38600,0,11,182,0,0,0,0,0,0,0,193,38600,0,11,182,0,0,0,0,0,0,0,0,0,0,0
"402",2523,"PLI",35,7000,0,5,30,0,0,0,0,0,0,0,35,7000,0,5,30,0,0,0,0,0,0,0,0,0,0,0
"403",2626,"PLI",369,73800,254,115,0,0,0,0,0,0,0,0,369,73800,254,115,0,0,0,0,0,0,0,0,0,0,0,0
"404",2644,"NonCon, PLI",79,15800,0,26,53,0,0,0,0,0,0,0,76,15200,0,23,53,0,3,0,3,0,0,0,0,0,0,0
"405",2646,"NR",0,0,0,0,0,0,0,0,0,0,0,0,0,0,0,0,0,0,0,0,0,0,0,0,0,0,0,0
"406",2647,"PLI",342,68400,12,220,110,0,0,0,0,0,0,0,342,68400,12,220,110,0,0,0,0,0,0,0,0,0,0,0
"407",2662,"NonCon, PLI",44,8800,0,9,29,6,0,0,0,0,0,0,6,1200,0,2,4,0,38,0,7,25,6,0,0,0,0,0
"408",2664,"PLI",87,17400,0,1,86,0,0,0,0,0,0,0,87,17400,0,1,86,0,0,0,0,0,0,0,0,0,0,0
"409",11111,"NR",0,0,0,0,0,0,0,0,0,0,0,0,0,0,0,0,0,0,0,0,0,0,0,0,0,0,0,0
