Card,COUNT,AREA,MIN,MAX,RANGE,MEAN,STD,SUM,VARIETY,MAJORITY,MAJORITY_COUNT,MAJORITY_PERCENT,MINORITY,MINORITY_COUNT,MINORITY_PERCENT,MEDIAN,PCT90
141,3,2700,2,2,0,2,0,6,1,2,3,100,2,3,100,2,2
161,4,3600,2,3,1,2.25,0.433012702,9,2,2,3,75,3,1,25,2,3
162,3,2700,1,2,1,1.333333333,0.471404521,4,2,1,2,66.66670227,2,1,33.33330154,1,2
163,4,3600,3,3,0,3,0,12,1,3,4,100,3,4,100,3,3
165,3,2700,3,3,0,3,0,9,1,3,3,100,3,3,100,3,3
193,4,3600,3,3,0,3,0,12,1,3,4,100,3,4,100,3,3
194,2,1800,3,3,0,3,0,6,1,3,2,100,3,2,100,3,3
197,2,1800,3,3,0,3,0,6,1,3,2,100,3,2,100,3,3
227,3,2700,2,2,0,2,0,6,1,2,3,100,2,3,100,2,2
229,2,1800,2,2,0,2,0,4,1,2,2,100,2,2,100,2,2
231,3,2700,3,3,0,3,0,9,1,3,3,100,3,3,100,3,3
232,3,2700,3,3,0,3,0,9,1,3,3,100,3,3,100,3,3
234,2,1800,3,3,0,3,0,6,1,3,2,100,3,2,100,3,3
235,4,3600,4,4,0,4,0,16,1,4,4,100,4,4,100,4,4
270,2,1800,1,2,1,1.5,0.5,3,2,1,1,50,1,1,50,1,2
276,3,2700,3,3,0,3,0,9,1,3,3,100,3,3,100,3,3
279,4,3600,3,3,0,3,0,12,1,3,4,100,3,4,100,3,3
281,4,3600,3,4,1,3.5,0.5,14,2,3,2,50,3,2,50,3,4
282,2,1800,3,3,0,3,0,6,1,3,2,100,3,2,100,3,3
284,3,2700,2,2,0,2,0,6,1,2,3,100,2,3,100,2,2
315,3,2700,3,3,0,3,0,9,1,3,3,100,3,3,100,3,3
318,3,2700,2,3,1,2.333333333,0.471404521,7,2,2,2,66.66670227,3,1,33.33330154,2,3
319,2,1800,3,3,0,3,0,6,1,3,2,100,3,2,100,3,3
320,3,2700,4,4,0,4,0,12,1,4,3,100,4,3,100,4,4
324,2,1800,3,3,0,3,0,6,1,3,2,100,3,2,100,3,3
327,3,2700,2,2,0,2,0,6,1,2,3,100,2,3,100,2,2
329,3,2700,1,2,1,1.333333333,0.471404521,4,2,1,2,66.66670227,2,1,33.33330154,1,2
330,3,2700,2,3,1,2.333333333,0.471404521,7,2,2,2,66.66670227,3,1,33.33330154,2,3
331,4,3600,3,3,0,3,0,12,1,3,4,100,3,4,100,3,3
360,3,2700,3,3,0,3,0,9,1,3,3,100,3,3,100,3,3
361,3,2700,1,1,0,1,0,3,1,1,3,100,1,3,100,1,1
366,3,2700,2,2,0,2,0,6,1,2,3,100,2,3,100,2,2
367,3,2700,3,3,0,3,0,9,1,3,3,100,3,3,100,3,3
369,3,2700,3,3,0,3,0,9,1,3,3,100,3,3,100,3,3
370,2,1800,2,2,0,2,0,4,1,2,2,100,2,2,100,2,2
371,4,3600,2,3,1,2.5,0.5,10,2,2,2,50,2,2,50,2,3
375,2,1800,1,2,1,1.5,0.5,3,2,1,1,50,1,1,50,1,2
413,3,2700,3,3,0,3,0,9,1,3,3,100,3,3,100,3,3
417,4,3600,3,3,0,3,0,12,1,3,4,100,3,4,100,3,3
419,2,1800,4,4,0,4,0,8,1,4,2,100,4,2,100,4,4
420,4,3600,2,2,0,2,0,8,1,2,4,100,2,4,100,2,2
421,4,3600,3,4,1,3.5,0.5,14,2,3,2,50,3,2,50,3,4
423,4,3600,3,4,1,3.25,0.433012702,13,2,3,3,75,4,1,25,3,4
424,3,2700,3,3,0,3,0,9,1,3,3,100,3,3,100,3,3
425,2,1800,3,3,0,3,0,6,1,3,2,100,3,2,100,3,3
460,2,1800,4,4,0,4,0,8,1,4,2,100,4,2,100,4,4
464,3,2700,3,3,0,3,0,9,1,3,3,100,3,3,100,3,3
466,4,3600,3,3,0,3,0,12,1,3,4,100,3,4,100,3,3
467,3,2700,3,3,0,3,0,9,1,3,3,100,3,3,100,3,3
499,3,2700,2,3,1,2.666666667,0.471404521,8,2,3,2,66.66670227,2,1,33.33330154,3,3
502,3,2700,4,4,0,4,0,12,1,4,3,100,4,3,100,4,4
503,3,2700,3,4,1,3.666666667,0.471404521,11,2,4,2,66.66670227,3,1,33.33330154,4,4
505,4,3600,3,3,0,3,0,12,1,3,4,100,3,4,100,3,3
506,2,1800,3,3,0,3,0,6,1,3,2,100,3,2,100,3,3
535,3,2700,3,3,0,3,0,9,1,3,3,100,3,3,100,3,3
536,4,3600,2,3,1,2.75,0.433012702,11,2,3,3,75,2,1,25,3,3
538,3,2700,3,3,0,3,0,9,1,3,3,100,3,3,100,3,3
540,4,3600,3,3,0,3,0,12,1,3,4,100,3,4,100,3,3
541,4,3600,3,3,0,3,0,12,1,3,4,100,3,4,100,3,3
545,3,2700,3,4,1,3.333333333,0.471404521,10,2,3,2,66.66670227,4,1,33.33330154,3,4
574,3,2700,2,2,0,2,0,6,1,2,3,100,2,3,100,2,2
577,4,3600,2,2,0,2,0,8,1,2,4,100,2,4,100,2,2
581,4,3600,3,3,0,3,0,12,1,3,4,100,3,4,100,3,3
585,2,1800,3,3,0,3,0,6,1,3,2,100,3,2,100,3,3
618,4,3600,2,3,1,2.5,0.5,10,2,2,2,50,2,2,50,2,3
620,3,2700,3,3,0,3,0,9,1,3,3,100,3,3,100,3,3
653,3,2700,2,3,1,2.333333333,0.471404521,7,2,2,2,66.66670227,3,1,33.33330154,2,3
657,4,3600,3,3,0,3,0,12,1,3,4,100,3,4,100,3,3
659,2,1800,3,3,0,3,0,6,1,3,2,100,3,2,100,3,3
661,4,3600,2,3,1,2.75,0.433012702,11,2,3,3,75,2,1,25,3,3
662,4,3600,2,3,1,2.5,0.5,10,2,2,2,50,2,2,50,2,3
666,4,3600,2,2,0,2,0,8,1,2,4,100,2,4,100,2,2
669,3,2700,2,3,1,2.333333333,0.471404521,7,2,2,2,66.66670227,3,1,33.33330154,2,3
707,3,2700,3,3,0,3,0,9,1,3,3,100,3,3,100,3,3
708,3,2700,4,4,0,4,0,12,1,4,3,100,4,3,100,4,4
711,4,3600,3,3,0,3,0,12,1,3,4,100,3,4,100,3,3
717,4,3600,2,3,1,2.5,0.5,10,2,2,2,50,2,2,50,2,3
718,3,2700,3,3,0,3,0,9,1,3,3,100,3,3,100,3,3
719,4,3600,3,4,1,3.25,0.433012702,13,2,3,3,75,4,1,25,3,4
758,3,2700,1,2,1,1.333333333,0.471404521,4,2,1,2,66.66670227,2,1,33.33330154,1,2
761,3,2700,2,3,1,2.333333333,0.471404521,7,2,2,2,66.66670227,3,1,33.33330154,2,3
766,4,3600,3,3,0,3,0,12,1,3,4,100,3,4,100,3,3
806,4,3600,2,2,0,2,0,8,1,2,4,100,2,4,100,2,2
808,4,3600,3,3,0,3,0,12,1,3,4,100,3,4,100,3,3
810,4,3600,3,3,0,3,0,12,1,3,4,100,3,4,100,3,3
812,2,1800,2,3,1,2.5,0.5,5,2,2,1,50,2,1,50,2,3
815,4,3600,1,2,1,1.75,0.433012702,7,2,2,3,75,1,1,25,2,2
857,4,3600,3,3,0,3,0,12,1,3,4,100,3,4,100,3,3
859,4,3600,3,3,0,3,0,12,1,3,4,100,3,4,100,3,3
860,4,3600,3,3,0,3,0,12,1,3,4,100,3,4,100,3,3
865,4,3600,4,4,0,4,0,16,1,4,4,100,4,4,100,4,4
900,3,2700,2,3,1,2.666666667,0.471404521,8,2,3,2,66.66670227,2,1,33.33330154,3,3
903,3,2700,3,3,0,3,0,9,1,3,3,100,3,3,100,3,3
907,3,2700,4,4,0,4,0,12,1,4,3,100,4,3,100,4,4
939,4,3600,3,3,0,3,0,12,1,3,4,100,3,4,100,3,3
949,4,3600,2,3,1,2.75,0.433012702,11,2,3,3,75,2,1,25,3,3
981,3,2700,2,3,1,2.666666667,0.471404521,8,2,3,2,66.66670227,2,1,33.33330154,3,3
988,4,3600,3,4,1,3.25,0.433012702,13,2,3,3,75,4,1,25,3,4
1022,3,2700,4,4,0,4,0,12,1,4,3,100,4,3,100,4,4
1024,3,2700,4,4,0,4,0,12,1,4,3,100,4,3,100,4,4
1045,3,2700,2,2,0,2,0,6,1,2,3,100,2,3,100,2,2
1049,2,1800,3,3,0,3,0,6,1,3,2,100,3,2,100,3,3
1050,4,3600,3,3,0,3,0,12,1,3,4,100,3,4,100,3,3
1052,4,3600,2,3,1,2.5,0.5,10,2,2,2,50,2,2,50,2,3
1053,4,3600,2,3,1,2.25,0.433012702,9,2,2,3,75,3,1,25,2,3
1075,4,3600,2,2,0,2,0,8,1,2,4,100,2,4,100,2,2
1080,2,1800,3,4,1,3.5,0.5,7,2,3,1,50,3,1,50,3,4
1109,3,2700,3,3,0,3,0,9,1,3,3,100,3,3,100,3,3
1110,2,1800,2,3,1,2.5,0.5,5,2,2,1,50,2,1,50,2,3
1111,7,6300,3,4,1,3.571428571,0.494871659,25,2,4,4,57.14289856,3,3,42.85710144,4,4
1113,4,3600,3,3,0,3,0,12,1,3,4,100,3,4,100,3,3
1114,3,2700,3,3,0,3,0,9,1,3,3,100,3,3,100,3,3
1115,2,1800,3,3,0,3,0,6,1,3,2,100,3,2,100,3,3
1139,2,1800,1,2,1,1.5,0.5,3,2,1,1,50,1,1,50,1,2
1142,3,2700,2,3,1,2.333333333,0.471404521,7,2,2,2,66.66670227,3,1,33.33330154,2,3
1144,4,3600,3,3,0,3,0,12,1,3,4,100,3,4,100,3,3
1145,4,3600,4,4,0,4,0,16,1,4,4,100,4,4,100,4,4
1148,4,3600,3,3,0,3,0,12,1,3,4,100,3,4,100,3,3
1180,4,3600,2,3,1,2.75,0.433012702,11,2,3,3,75,2,1,25,3,3
1182,3,2700,3,3,0,3,0,9,1,3,3,100,3,3,100,3,3
1185,4,3600,3,3,0,3,0,12,1,3,4,100,3,4,100,3,3
1186,4,3600,3,4,1,3.5,0.5,14,2,3,2,50,3,2,50,3,4
1214,3,2700,2,3,1,2.333333333,0.471404521,7,2,2,2,66.66670227,3,1,33.33330154,2,3
1219,3,2700,2,2,0,2,0,6,1,2,3,100,2,3,100,2,2
1220,3,2700,2,2,0,2,0,6,1,2,3,100,2,3,100,2,2
1221,2,1800,4,4,0,4,0,8,1,4,2,100,4,2,100,4,4
1222,3,2700,2,3,1,2.666666667,0.471404521,8,2,3,2,66.66670227,2,1,33.33330154,3,3
1225,2,1800,2,2,0,2,0,4,1,2,2,100,2,2,100,2,2
1253,2,1800,3,3,0,3,0,6,1,3,2,100,3,2,100,3,3
1257,3,2700,2,3,1,2.666666667,0.471404521,8,2,3,2,66.66670227,2,1,33.33330154,3,3
1258,4,3600,2,3,1,2.75,0.433012702,11,2,3,3,75,2,1,25,3,3
1259,4,3600,2,3,1,2.75,0.433012702,11,2,3,3,75,2,1,25,3,3
1261,4,3600,1,2,1,1.75,0.433012702,7,2,2,3,75,1,1,25,2,2
1264,3,2700,3,3,0,3,0,9,1,3,3,100,3,3,100,3,3
1294,2,1800,2,2,0,2,0,4,1,2,2,100,2,2,100,2,2
1295,2,1800,2,2,0,2,0,4,1,2,2,100,2,2,100,2,2
1297,3,2700,4,4,0,4,0,12,1,4,3,100,4,3,100,4,4
1298,4,3600,4,4,0,4,0,16,1,4,4,100,4,4,100,4,4
1299,3,2700,3,3,0,3,0,9,1,3,3,100,3,3,100,3,3
1333,2,1800,3,3,0,3,0,6,1,3,2,100,3,2,100,3,3
1335,2,1800,2,2,0,2,0,4,1,2,2,100,2,2,100,2,2
1340,3,2700,2,3,1,2.333333333,0.471404521,7,2,2,2,66.66670227,3,1,33.33330154,2,3
1341,3,2700,2,3,1,2.333333333,0.471404521,7,2,2,2,66.66670227,3,1,33.33330154,2,3
1364,4,3600,2,3,1,2.5,0.5,10,2,2,2,50,2,2,50,2,3
1367,3,2700,3,4,1,3.333333333,0.471404521,10,2,3,2,66.66670227,4,1,33.33330154,3,4
1398,3,2700,2,2,0,2,0,6,1,2,3,100,2,3,100,2,2
1400,3,2700,4,4,0,4,0,12,1,4,3,100,4,3,100,4,4
1401,3,2700,3,3,0,3,0,9,1,3,3,100,3,3,100,3,3
1413,3,2700,3,3,0,3,0,9,1,3,3,100,3,3,100,3,3
1423,2,1800,2,2,0,2,0,4,1,2,2,66.66670227,2,2,66.66670227,2,2
1425,3,2700,3,3,0,3,0,9,1,3,3,100,3,3,100,3,3
1807,3,2700,3,3,0,3,0,9,1,3,3,100,3,3,100,3,3
158,3,2700,3,3,0,3,0,9,1,3,3,100,3,3,100,3,3
159,4,3600,1,1,0,1,0,4,1,1,4,100,1,4,100,1,1
358,3,2700,2,2,0,2,0,6,1,2,3,100,2,3,100,2,2
407,3,2700,1,2,1,1.666666667,0.471404521,5,2,2,2,66.66670227,1,1,33.33330154,2,2
408,2,1800,1,2,1,1.5,0.5,3,2,1,1,50,1,1,50,1,2
454,3,2700,3,3,0,3,0,9,1,3,3,100,3,3,100,3,3
801,2,1800,3,3,0,3,0,6,1,3,2,100,3,2,100,3,3
844,3,2700,3,4,1,3.333333333,0.471404521,10,2,3,2,66.66670227,4,1,33.33330154,3,4
845,4,3600,3,3,0,3,0,12,1,3,4,100,3,4,100,3,3
846,4,3600,3,3,0,3,0,12,1,3,4,100,3,4,100,3,3
847,3,2700,2,2,0,2,0,6,1,2,3,100,2,3,100,2,2
851,3,2700,3,3,0,3,0,9,1,3,3,100,3,3,100,3,3
852,4,3600,3,3,0,3,0,12,1,3,4,100,3,4,100,3,3
892,3,2700,3,3,0,3,0,9,1,3,3,100,3,3,100,3,3
893,2,1800,3,3,0,3,0,6,1,3,2,100,3,2,100,3,3
894,3,2700,3,3,0,3,0,9,1,3,3,100,3,3,100,3,3
895,3,2700,3,3,0,3,0,9,1,3,3,100,3,3,100,3,3
899,2,1800,3,3,0,3,0,6,1,3,2,100,3,2,100,3,3
933,2,1800,3,3,0,3,0,6,1,3,2,100,3,2,100,3,3
974,2,1800,2,3,1,2.5,0.5,5,2,2,1,50,2,1,50,2,3
1012,3,2700,3,3,0,3,0,9,1,3,3,100,3,3,100,3,3
1068,2,1800,3,4,1,3.5,0.5,7,2,3,1,50,3,1,50,3,4
1069,3,2700,3,3,0,3,0,9,1,3,3,100,3,3,100,3,3
1160,4,3600,3,3,0,3,0,12,1,3,4,100,3,4,100,3,3
1200,3,2700,3,3,0,3,0,9,1,3,3,100,3,3,100,3,3
1235,4,3600,2,2,0,2,0,8,1,2,4,100,2,4,100,2,2
1272,3,2700,3,3,0,3,0,9,1,3,3,100,3,3,100,3,3
1273,2,1800,3,3,0,3,0,6,1,3,2,100,3,2,100,3,3
1276,3,2700,2,2,0,2,0,6,1,2,3,100,2,3,100,2,2
1319,2,1800,1,1,0,1,0,2,1,1,2,100,1,2,100,1,1
1320,2,1800,2,3,1,2.5,0.5,5,2,2,1,50,2,1,50,2,3
1321,3,2700,3,3,0,3,0,9,1,3,3,100,3,3,100,3,3
1322,3,2700,3,3,0,3,0,9,1,3,3,100,3,3,100,3,3
1356,2,1800,3,3,0,3,0,6,1,3,2,100,3,2,100,3,3
1421,3,2700,2,3,1,2.666666667,0.471404521,8,2,3,2,66.66670227,2,1,33.33330154,3,3
1099,3,2700,1,1,0,1,0,3,1,1,3,100,1,3,100,1,1
1207,3,2700,2,3,1,2.666666667,0.471404521,8,2,3,2,66.66670227,2,1,33.33330154,3,3
1209,3,2700,2,2,0,2,0,6,1,2,3,100,2,3,100,2,2
1247,3,2700,2,3,1,2.333333333,0.471404521,7,2,2,2,66.66670227,3,1,33.33330154,2,3
1362,4,3600,3,4,1,3.5,0.5,14,2,3,2,50,3,2,50,3,4
814,4,3600,2,3,1,2.5,0.5,10,2,2,2,50,2,2,50,2,3
1478,4,3600,2,3,1,2.5,0.5,10,2,2,2,50,2,2,50,2,3
1482,3,2700,1,1,0,1,0,3,1,1,3,100,1,3,100,1,1
1487,3,2700,1,1,0,1,0,3,1,1,3,100,1,3,100,1,1
1507,3,2700,3,3,0,3,0,9,1,3,3,100,3,3,100,3,3
1508,3,2700,3,3,0,3,0,9,1,3,3,100,3,3,100,3,3
1526,4,3600,1,1,0,1,0,4,1,1,4,100,1,4,100,1,1
1535,2,1800,3,3,0,3,0,6,1,3,2,100,3,2,100,3,3
1538,3,2700,1,2,1,1.666666667,0.471404521,5,2,2,2,66.66670227,1,1,33.33330154,2,2
1539,4,3600,1,2,1,1.25,0.433012702,5,2,1,3,75,2,1,25,1,2
1540,3,2700,2,2,0,2,0,6,1,2,3,100,2,3,100,2,2
1554,4,3600,2,2,0,2,0,8,1,2,4,100,2,4,100,2,2
1557,3,2700,3,3,0,3,0,9,1,3,3,100,3,3,100,3,3
1558,3,2700,2,3,1,2.333333333,0.471404521,7,2,2,2,66.66670227,3,1,33.33330154,2,3
1559,3,2700,3,3,0,3,0,9,1,3,3,100,3,3,100,3,3
1560,3,2700,1,1,0,1,0,3,1,1,3,100,1,3,100,1,1
1567,3,2700,2,2,0,2,0,6,1,2,3,100,2,3,100,2,2
1569,4,3600,3,3,0,3,0,12,1,3,4,100,3,4,100,3,3
1571,3,2700,3,4,1,3.333333333,0.471404521,10,2,3,2,66.66670227,4,1,33.33330154,3,4
1573,2,1800,1,2,1,1.5,0.5,3,2,1,1,50,1,1,50,1,2
1577,3,2700,2,3,1,2.666666667,0.471404521,8,2,3,2,66.66670227,2,1,33.33330154,3,3
1578,4,3600,3,3,0,3,0,12,1,3,4,100,3,4,100,3,3
1579,3,2700,2,3,1,2.666666667,0.471404521,8,2,3,2,66.66670227,2,1,33.33330154,3,3
1580,2,1800,1,2,1,1.5,0.5,3,2,1,1,50,1,1,50,1,2
1581,4,3600,3,3,0,3,0,12,1,3,4,100,3,4,100,3,3
1583,3,2700,1,2,1,1.666666667,0.471404521,5,2,2,2,66.66670227,1,1,33.33330154,2,2
1584,2,1800,2,2,0,2,0,4,1,2,2,100,2,2,100,2,2
1587,4,3600,1,1,0,1,0,4,1,1,4,100,1,4,100,1,1
1591,3,2700,1,1,0,1,0,3,1,1,3,100,1,3,100,1,1
1592,4,3600,1,2,1,1.5,0.5,6,2,1,2,50,1,2,50,1,2
1594,3,2700,1,1,0,1,0,3,1,1,3,100,1,3,100,1,1
1596,2,1800,1,1,0,1,0,2,1,1,2,100,1,2,100,1,1
1598,3,2700,2,2,0,2,0,6,1,2,3,100,2,3,100,2,2
1601,2,1800,2,2,0,2,0,4,1,2,2,100,2,2,100,2,2
1604,2,1800,1,1,0,1,0,2,1,1,2,100,1,2,100,1,1
1605,3,2700,1,1,0,1,0,3,1,1,3,100,1,3,100,1,1
1606,3,2700,2,3,1,2.666666667,0.471404521,8,2,3,2,66.66670227,2,1,33.33330154,3,3
1607,3,2700,1,1,0,1,0,3,1,1,3,100,1,3,100,1,1
1608,3,2700,1,1,0,1,0,3,1,1,3,100,1,3,100,1,1
1609,2,1800,1,1,0,1,0,2,1,1,2,100,1,2,100,1,1
1617,3,2700,2,2,0,2,0,6,1,2,3,100,2,3,100,2,2
1619,3,2700,3,3,0,3,0,9,1,3,3,100,3,3,100,3,3
1620,3,2700,3,3,0,3,0,9,1,3,3,100,3,3,100,3,3
1623,2,1800,2,3,1,2.5,0.5,5,2,2,1,50,2,1,50,2,3
1624,3,2700,1,1,0,1,0,3,1,1,3,100,1,3,100,1,1
1627,4,3600,1,2,1,1.75,0.433012702,7,2,2,3,75,1,1,25,2,2
1628,2,1800,1,2,1,1.5,0.5,3,2,1,1,50,1,1,50,1,2
1630,3,2700,2,2,0,2,0,6,1,2,3,100,2,3,100,2,2
1640,3,2700,2,2,0,2,0,6,1,2,3,100,2,3,100,2,2
1643,1,900,1,1,0,1,0,1,1,1,1,33.33330154,1,1,33.33330154,1,1
1644,3,2700,1,1,0,1,0,3,1,1,3,100,1,3,100,1,1
1645,4,3600,1,2,1,1.75,0.433012702,7,2,2,3,75,1,1,25,2,2
1657,4,3600,1,2,1,1.25,0.433012702,5,2,1,3,75,2,1,25,1,2
1658,4,3600,1,1,0,1,0,4,1,1,4,100,1,4,100,1,1
1662,4,3600,2,3,1,2.5,0.5,10,2,2,2,50,2,2,50,2,3
1430,4,3600,1,1,0,1,0,4,1,1,4,100,1,4,100,1,1
1438,4,3600,1,2,1,1.5,0.5,6,2,1,2,50,1,2,50,1,2
1440,4,3600,1,2,1,1.75,0.433012702,7,2,2,3,75,1,1,25,2,2
1450,4,3600,1,1,0,1,0,4,1,1,4,100,1,4,100,1,1
1460,6,5400,1,2,1,1.666666667,0.471404521,10,2,2,4,66.66670227,1,2,33.33330154,2,2
1461,4,3600,1,1,0,1,0,4,1,1,4,100,1,4,100,1,1
1467,5,4500,1,1,0,1,0,5,1,1,5,83.33329773,1,5,83.33329773,1,1
1476,4,3600,3,3,0,3,0,12,1,3,4,100,3,4,100,3,3
1479,3,2700,3,3,0,3,0,9,1,3,3,100,3,3,100,3,3
1481,3,2700,2,3,1,2.666666667,0.471404521,8,2,3,2,66.66670227,2,1,33.33330154,3,3
1485,3,2700,3,3,0,3,0,9,1,3,3,100,3,3,100,3,3
1498,3,2700,3,3,0,3,0,9,1,3,3,100,3,3,100,3,3
1505,2,1800,2,3,1,2.5,0.5,5,2,2,1,50,2,1,50,2,3
1510,4,3600,3,3,0,3,0,12,1,3,4,100,3,4,100,3,3
1518,4,3600,2,3,1,2.25,0.433012702,9,2,2,3,75,3,1,25,2,3
1522,4,3600,2,2,0,2,0,8,1,2,4,100,2,4,100,2,2
1527,3,2700,3,3,0,3,0,9,1,3,3,100,3,3,100,3,3
1529,3,2700,2,3,1,2.666666667,0.471404521,8,2,3,2,66.66670227,2,1,33.33330154,3,3
1542,3,2700,3,3,0,3,0,9,1,3,3,100,3,3,100,3,3
1544,3,2700,3,4,1,3.666666667,0.471404521,11,2,4,2,66.66670227,3,1,33.33330154,4,4
1552,4,3600,2,3,1,2.5,0.5,10,2,2,2,50,2,2,50,2,3
1562,3,2700,3,4,1,3.333333333,0.471404521,10,2,3,2,66.66670227,4,1,33.33330154,3,4
1564,3,2700,2,3,1,2.666666667,0.471404521,8,2,3,2,66.66670227,2,1,33.33330154,3,3
1653,4,3600,1,2,1,1.75,0.433012702,7,2,2,3,75,1,1,25,2,2
13,3,2700,3,3,0,3,0,9,1,3,3,100,3,3,100,3,3
20,4,3600,2,3,1,2.75,0.433012702,11,2,3,3,75,2,1,25,3,3
1511,2,1800,2,2,0,2,0,4,1,2,2,100,2,2,100,2,2
1153,4,3600,2,3,1,2.75,0.433012702,11,2,3,3,75,2,1,25,3,3
1192,4,3600,2,3,1,2.5,0.5,10,2,2,2,50,2,2,50,2,3
1484,4,3600,3,3,0,3,0,12,1,3,4,100,3,4,100,3,3
1500,4,3600,1,2,1,1.25,0.433012702,5,2,1,3,75,2,1,25,1,2
1501,3,2700,3,4,1,3.333333333,0.471404521,10,2,3,2,66.66670227,4,1,33.33330154,3,4
1502,3,2700,2,3,1,2.666666667,0.471404521,8,2,3,2,66.66670227,2,1,33.33330154,3,3
1503,3,2700,2,2,0,2,0,6,1,2,3,100,2,3,100,2,2
1504,3,2700,3,3,0,3,0,9,1,3,3,100,3,3,100,3,3
1514,3,2700,3,3,0,3,0,9,1,3,3,100,3,3,100,3,3
1531,3,2700,2,2,0,2,0,6,1,2,3,100,2,3,100,2,2
1589,3,2700,1,3,2,1.666666667,0.942809042,5,2,1,2,66.66670227,3,1,33.33330154,1,3
1590,3,2700,3,3,0,3,0,9,1,3,3,100,3,3,100,3,3
1602,3,2700,2,3,1,2.333333333,0.471404521,7,2,2,2,66.66670227,3,1,33.33330154,2,3
1612,3,2700,3,4,1,3.333333333,0.471404521,10,2,3,2,66.66670227,4,1,33.33330154,3,4
1615,3,2700,2,3,1,2.333333333,0.471404521,7,2,2,2,66.66670227,3,1,33.33330154,2,3
1625,3,2700,2,3,1,2.333333333,0.471404521,7,2,2,2,66.66670227,3,1,33.33330154,2,3
1627,4,3600,1,2,1,1.25,0.433012702,5,2,1,3,75,2,1,25,1,2
1631,3,2700,2,3,1,2.666666667,0.471404521,8,2,3,2,66.66670227,2,1,33.33330154,3,3
1634,4,3600,3,3,0,3,0,12,1,3,4,100,3,4,100,3,3
1635,4,3600,2,3,1,2.5,0.5,10,2,2,2,50,2,2,50,2,3
1637,3,2700,3,3,0,3,0,9,1,3,3,100,3,3,100,3,3
1640,3,2700,2,2,0,2,0,6,1,2,3,100,2,3,100,2,2
1647,4,3600,3,3,0,3,0,12,1,3,4,100,3,4,100,3,3
1648,3,2700,3,3,0,3,0,9,1,3,3,100,3,3,100,3,3
1649,4,3600,2,3,1,2.75,0.433012702,11,2,3,3,75,2,1,25,3,3
1651,3,2700,1,2,1,1.666666667,0.471404521,5,2,2,2,66.66670227,1,1,33.33330154,2,2
1662,4,3600,1,2,1,1.25,0.433012702,5,2,1,3,75,2,1,25,1,2
1663,3,2700,1,2,1,1.666666667,0.471404521,5,2,2,2,66.66670227,1,1,33.33330154,2,2
1665,2,1800,3,3,0,3,0,6,1,3,2,100,3,2,100,3,3
1666,4,3600,2,3,1,2.75,0.433012702,11,2,3,3,75,2,1,25,3,3
1672,2,1800,2,3,1,2.5,0.5,5,2,2,1,50,2,1,50,2,3
1674,3,2700,3,3,0,3,0,9,1,3,3,100,3,3,100,3,3
1675,3,2700,3,3,0,3,0,9,1,3,3,100,3,3,100,3,3
1678,3,2700,3,4,1,3.666666667,0.471404521,11,2,4,2,66.66670227,3,1,33.33330154,4,4
1679,2,1800,1,1,0,1,0,2,1,1,2,100,1,2,100,1,1
1685,3,2700,3,3,0,3,0,9,1,3,3,100,3,3,100,3,3
1686,4,3600,3,3,0,3,0,12,1,3,4,100,3,4,100,3,3
1701,3,2700,1,2,1,1.666666667,0.471404521,5,2,2,2,66.66670227,1,1,33.33330154,2,2
1702,2,1800,2,3,1,2.5,0.5,5,2,2,1,50,2,1,50,2,3
1705,2,1800,3,3,0,3,0,6,1,3,2,100,3,2,100,3,3
1706,3,2700,3,3,0,3,0,9,1,3,3,100,3,3,100,3,3
1707,2,1800,3,3,0,3,0,6,1,3,2,100,3,2,100,3,3
1708,3,2700,3,4,1,3.666666667,0.471404521,11,2,4,2,66.66670227,3,1,33.33330154,4,4
1723,4,3600,3,3,0,3,0,12,1,3,4,100,3,4,100,3,3
1724,4,3600,1,2,1,1.75,0.433012702,7,2,2,3,75,1,1,25,2,2
1738,2,1800,3,3,0,3,0,6,1,3,2,100,3,2,100,3,3
1739,3,2700,2,3,1,2.333333333,0.471404521,7,2,2,2,66.66670227,3,1,33.33330154,2,3
1754,3,2700,3,3,0,3,0,9,1,3,3,100,3,3,100,3,3
1757,4,3600,2,2,0,2,0,8,1,2,4,100,2,4,100,2,2
1759,4,3600,1,2,1,1.75,0.433012702,7,2,2,3,75,1,1,25,2,2
1760,4,3600,1,2,1,1.25,0.433012702,5,2,1,3,75,2,1,25,1,2
1761,3,2700,3,4,1,3.333333333,0.471404521,10,2,3,2,66.66670227,4,1,33.33330154,3,4
1770,3,2700,2,3,1,2.666666667,0.471404521,8,2,3,2,66.66670227,2,1,33.33330154,3,3
1771,3,2700,2,2,0,2,0,6,1,2,3,100,2,3,100,2,2
1772,3,2700,3,3,0,3,0,9,1,3,3,100,3,3,100,3,3
1789,3,2700,1,2,1,1.666666667,0.471404521,5,2,2,2,66.66670227,1,1,33.33330154,2,2
1791,3,2700,2,2,0,2,0,6,1,2,3,100,2,3,100,2,2
1792,3,2700,2,3,1,2.666666667,0.471404521,8,2,3,2,66.66670227,2,1,33.33330154,3,3
1793,2,1800,2,3,1,2.5,0.5,5,2,2,1,50,2,1,50,2,3
1794,3,2700,3,4,1,3.333333333,0.471404521,10,2,3,2,66.66670227,4,1,33.33330154,3,4
1795,2,1800,2,2,0,2,0,4,1,2,2,100,2,2,100,2,2
1796,2,1800,2,2,0,2,0,4,1,2,2,100,2,2,100,2,2
1798,3,2700,3,3,0,3,0,9,1,3,3,100,3,3,100,3,3
1805,3,2700,2,3,1,2.666666667,0.471404521,8,2,3,2,66.66670227,2,1,33.33330154,3,3
1816,4,3600,2,3,1,2.5,0.5,10,2,2,2,50,2,2,50,2,3
1825,3,2700,2,2,0,2,0,6,1,2,3,100,2,3,100,2,2
1831,4,3600,1,1,0,1,0,4,1,1,4,100,1,4,100,1,1
1833,2,1800,3,3,0,3,0,6,1,3,2,100,3,2,100,3,3
1835,3,2700,3,3,0,3,0,9,1,3,3,100,3,3,100,3,3
1836,2,1800,1,1,0,1,0,2,1,1,2,100,1,2,100,1,1
1840,3,2700,1,2,1,1.666666667,0.471404521,5,2,2,2,66.66670227,1,1,33.33330154,2,2
1844,3,2700,2,2,0,2,0,6,1,2,3,100,2,3,100,2,2
1845,3,2700,3,3,0,3,0,9,1,3,3,100,3,3,100,3,3
1876,4,3600,2,3,1,2.25,0.433012702,9,2,2,3,75,3,1,25,2,3
1889,3,2700,3,3,0,3,0,9,1,3,3,100,3,3,100,3,3
1916,3,2700,1,2,1,1.666666667,0.471404521,5,2,2,2,66.66670227,1,1,33.33330154,2,2
1931,3,2700,3,3,0,3,0,9,1,3,3,100,3,3,100,3,3
1936,2,1800,1,1,0,1,0,2,1,1,2,100,1,2,100,1,1
1942,4,3600,1,1,0,1,0,4,1,1,4,100,1,4,100,1,1
1979,3,2700,3,3,0,3,0,9,1,3,3,100,3,3,100,3,3
1981,2,1800,3,3,0,3,0,6,1,3,2,100,3,2,100,3,3
1982,3,2700,2,3,1,2.666666667,0.471404521,8,2,3,2,66.66670227,2,1,33.33330154,3,3
2034,3,2700,3,3,0,3,0,9,1,3,3,100,3,3,100,3,3
2035,3,2700,3,3,0,3,0,9,1,3,3,100,3,3,100,3,3
2041,3,2700,3,3,0,3,0,9,1,3,3,100,3,3,100,3,3
2042,3,2700,1,2,1,1.333333333,0.471404521,4,2,1,2,66.66670227,2,1,33.33330154,1,2
2043,3,2700,1,2,1,1.666666667,0.471404521,5,2,2,2,66.66670227,1,1,33.33330154,2,2
2107,2,1800,3,3,0,3,0,6,1,3,2,100,3,2,100,3,3
2108,4,3600,2,3,1,2.5,0.5,10,2,2,2,50,2,2,50,2,3
2111,4,3600,2,3,1,2.5,0.5,10,2,2,2,50,2,2,50,2,3
2113,3,2700,2,3,1,2.333333333,0.471404521,7,2,2,2,66.66670227,3,1,33.33330154,2,3
2115,2,1800,3,3,0,3,0,6,1,3,2,100,3,2,100,3,3
2155,3,2700,2,2,0,2,0,6,1,2,3,100,2,3,100,2,2
2158,2,1800,1,1,0,1,0,2,1,1,2,100,1,2,100,1,1
2159,3,2700,4,4,0,4,0,12,1,4,3,100,4,3,100,4,4
2163,3,2700,3,3,0,3,0,9,1,3,3,100,3,3,100,3,3
2195,3,2700,3,3,0,3,0,9,1,3,3,100,3,3,100,3,3
2200,3,2700,3,3,0,3,0,9,1,3,3,100,3,3,100,3,3
2202,3,2700,2,3,1,2.333333333,0.471404521,7,2,2,2,66.66670227,3,1,33.33330154,2,3
2205,3,2700,2,2,0,2,0,6,1,2,3,100,2,3,100,2,2
2208,3,2700,1,1,0,1,0,3,1,1,3,100,1,3,100,1,1
2210,3,2700,2,3,1,2.333333333,0.471404521,7,2,2,2,66.66670227,3,1,33.33330154,2,3
2211,2,1800,3,4,1,3.5,0.5,7,2,3,1,50,3,1,50,3,4
2212,2,1800,3,3,0,3,0,6,1,3,2,100,3,2,100,3,3
2213,2,1800,1,2,1,1.5,0.5,3,2,1,1,50,1,1,50,1,2
2251,3,2700,2,2,0,2,0,6,1,2,3,100,2,3,100,2,2
2253,2,1800,1,1,0,1,0,2,1,1,2,100,1,2,100,1,1
2269,2,1800,1,1,0,1,0,2,1,1,2,100,1,2,100,1,1
2271,4,3600,1,1,0,1,0,4,1,1,4,100,1,4,100,1,1
2272,3,2700,2,3,1,2.666666667,0.471404521,8,2,3,2,66.66670227,2,1,33.33330154,3,3
2311,2,1800,3,3,0,3,0,6,1,3,2,100,3,2,100,3,3
2312,3,2700,3,3,0,3,0,9,1,3,3,100,3,3,100,3,3
2317,4,3600,3,3,0,3,0,12,1,3,4,100,3,4,100,3,3
2318,2,1800,3,3,0,3,0,6,1,3,2,100,3,2,100,3,3
2334,3,2700,1,1,0,1,0,3,1,1,3,100,1,3,100,1,1
2336,3,2700,3,4,1,3.333333333,0.471404521,10,2,3,2,66.66670227,4,1,33.33330154,3,4
2378,2,1800,3,3,0,3,0,6,1,3,2,100,3,2,100,3,3
2379,4,3600,2,3,1,2.5,0.5,10,2,2,2,50,2,2,50,2,3
2380,4,3600,2,2,0,2,0,8,1,2,4,100,2,4,100,2,2
2412,2,1800,3,4,1,3.5,0.5,7,2,3,1,50,3,1,50,3,4
2414,3,2700,1,1,0,1,0,3,1,1,3,100,1,3,100,1,1
2460,2,1800,3,4,1,3.5,0.5,7,2,3,1,50,3,1,50,3,4
2523,2,1800,1,2,1,1.5,0.5,3,2,1,1,50,1,1,50,1,2
2626,4,3600,2,3,1,2.75,0.433012702,11,2,3,3,75,2,1,25,3,3
2644,3,2700,2,3,1,2.333333333,0.471404521,7,2,2,2,66.66670227,3,1,33.33330154,2,3
2646,3,2700,1,2,1,1.666666667,0.471404521,5,2,2,2,66.66670227,1,1,33.33330154,2,2
2647,3,2700,3,4,1,3.333333333,0.471404521,10,2,3,2,66.66670227,4,1,33.33330154,3,4
2662,3,2700,1,1,0,1,0,3,1,1,3,100,1,3,100,1,1
2664,3,2700,3,4,1,3.333333333,0.471404521,10,2,3,2,66.66670227,4,1,33.33330154,3,4
