"Card","LiveBasal","DeadBasal","TotalBasal","LiveBasal_PLI","DeadBasal_PLI","TotalBasal_PLI","LiveBasal_FDI","DeadBasal_FDI","TotalBasal_FDI","LiveBasal_Spruce","DeadBasal_Spruce","TotalBasal_Spruce","LiveBasal_NonCon","DeadBasal_NonCon","TotalBasal_NonCon"
-1291634974,1.04489371658397,0,1.04489371658397,1.04489371658397,0,1.04489371658397,0,0,0,0,0,0,0,0,0
0,0.119459060652752,0.240331837999619,0.359790898652371,0,0,0,0.119459060652752,0.240331837999619,0.359790898652371,0,0,0,0,0,0
3,0,0,0,0,0,0,0,0,0,0,0,0,0,0,0
13,13.8101271459154,0,13.8101271459154,13.8101271459154,0,13.8101271459154,0,0,0,0,0,0,0,0,0
20,0,7.67428253418915,7.67428253418915,0,6.46665431814923,6.46665431814923,0,0,0,0,1.20762821603992,1.20762821603992,0,0,0
141,0.220618344098343,1.59168791794127,1.81230626203961,0,0.36316811075498,0.36316811075498,0.220618344098343,1.22851980718629,1.44913815128463,0,0,0,0,0,0
158,0.444613900299295,0,0.444613900299295,0,0,0,0,0,0,0.444613900299295,0,0.444613900299295,0,0,0
159,93.6636789935751,0,93.6636789935751,0,0,0,93.6636789935751,0,93.6636789935751,0,0,0,0,0,0
161,19.3241720316798,0,21.8688620810876,0,0,0,0,0,0,0.502654824574367,0,0.502654824574367,18.8215172071055,0,21.3662072565132
162,9.59520936222663,1.05683176866761,10.6520411308942,1.79078635236252,0,1.79078635236252,0,0,0,0,0,0,7.8044230098641,1.05683176866761,8.86125477853171
163,0,0,0,0,0,0,0,0,0,0,0,0,0,0,0
165,4.5112485107386,0.907056338907713,5.41830484964632,4.5112485107386,0.907056338907713,5.41830484964632,0,0,0,0,0,0,0,0,0
193,0,0,0,0,0,0,0,0,0,0,0,0,0,0,0
194,3.43572426578214,1.02070345315132,4.45642771893346,2.43284935093994,1.02070345315132,3.45355280409126,0,0,0,0,0,0,1.0028749148422,0,1.0028749148422
197,0,0.125663706143592,0.125663706143592,0,0.125663706143592,0.125663706143592,0,0,0,0,0,0,0,0,0
227,7.88547610032672,5.08026948012005,12.9657455804468,7.88547610032672,5.08026948012005,12.9657455804468,0,0,0,0,0,0,0,0,0
229,9.02021936680336,3.14072871561006,12.1609480824134,0,0,0,0,0,0,0,0,0,9.02021936680336,3.14072871561006,12.1609480824134
231,0,0,0,0,0,0,0,0,0,0,0,0,0,0,0
232,0,3.03242230887755,3.03242230887755,0,3.03242230887755,3.03242230887755,0,0,0,0,0,0,0,0,0
234,0,0,0,0,0,0,0,0,0,0,0,0,0,0,0
235,0,0.519697964720092,0.519697964720092,0,0.519697964720092,0.519697964720092,0,0,0,0,0,0,0,0,0
270,0.173494454294496,0,0.173494454294496,0.173494454294496,0,0.173494454294496,0,0,0,0,0,0,0,0,0
276,0,0,0,0,0,0,0,0,0,0,0,0,0,0,0
279,0,3.87986692718339,3.87986692718339,0,1.33517687777566,1.33517687777566,0,0,0,0,2.54469004940773,2.54469004940773,0,0,0
281,0,1.58367685667461,1.58367685667461,0,1.58367685667461,1.58367685667461,0,0,0,0,0,0,0,0,0
282,0,0,0,0,0,0,0,0,0,0,0,0,0,0,0
284,0,2.72957277707149,2.72957277707149,0,0.6647610054996,0.6647610054996,0,2.06481177157189,2.06481177157189,0,0,0,0,0,0
315,0,0,0,0,0,0,0,0,0,0,0,0,0,0,0
318,0,0,0,0,0,0,0,0,0,0,0,0,0,0,0
319,0,0,0,0,0,0,0,0,0,0,0,0,0,0,0
320,0,4.39838679465839,4.39838679465839,0,0,0,0,4.39838679465839,4.39838679465839,0,0,0,0,0,0
324,0,0,0,0,0,0,0,0,0,0,0,0,0,0,0
327,0.701282020097582,0.974914740225253,1.67619676032283,0.4185386812745,0,0.4185386812745,0.282743338823081,0.974914740225253,1.25765807904833,0,0,0,0,0,0
329,0,0,0,0,0,0,0,0,0,0,0,0,0,0,0
330,3.14159265358979,1.51495451737734,4.65654717096713,0,1.51495451737734,1.51495451737734,3.14159265358979,0,3.14159265358979,0,0,0,0,0,0
331,0,0,0,0,0,0,0,0,0,0,0,0,0,0,0
358,0,0,0,0,0,0,0,0,0,0,0,0,0,0,0
360,0,0,0,0,0,0,0,0,0,0,0,0,0,0,0
361,0,0,0,0,0,0,0,0,0,0,0,0,0,0,0
366,1.20762821603992,2.67325972875589,3.88088794479581,1.20762821603992,2.67325972875589,3.88088794479581,0,0,0,0,0,0,0,0,0
367,0,0,0,0,0,0,0,0,0,0,0,0,0,0,0
369,0,0,0,0,0,0,0,0,0,0,0,0,0,0,0
370,0.576874951015426,0,0.576874951015426,0.395919214168654,0,0.395919214168654,0.180955736846772,0,0.180955736846772,0,0,0,0,0,0
371,0,29.9117319733591,29.9117319733591,0,0,0,0,29.6993603099765,29.6993603099765,0,0.21237166338267,0.21237166338267,0,0,0
375,3.26230835130398,24.9832014184075,28.2455097697114,0,0,0,3.26230835130398,24.9832014184075,28.2455097697114,0,0,0,0,0,0
407,1.80429520077296,0,1.80429520077296,1.80429520077296,0,1.80429520077296,0,0,0,0,0,0,0,0,0
408,4.14588128512611,1.10851096781916,5.25439225294527,4.14588128512611,1.10851096781916,5.25439225294527,0,0,0,0,0,0,0,0,0
413,0,0,0,0,0,0,0,0,0,0,0,0,0,0,0
417,0,0,0,0,0,0,0,0,0,0,0,0,0,0,0
419,0,5.55716324493499,5.55716324493499,0,0,0,0,5.55716324493499,5.55716324493499,0,0,0,0,0,0
420,1.5822631399805,0.940671380301124,2.52293452028162,1.5822631399805,0.940671380301124,2.52293452028162,0,0,0,0,0,0,0,0,0
421,0,1.97064253178054,1.97064253178054,0,0,0,0,1.97064253178054,1.97064253178054,0,0,0,0,0,0
423,0,8.55298599939821,8.55298599939821,0,0,0,0,8.55298599939821,8.55298599939821,0,0,0,0,0,0
424,0,4.62795867781946,4.62795867781946,0,0,0,0,0,0,0,0,0,0,4.62795867781946,4.62795867781946
425,0,0,0,0,0,0,0,0,0,0,0,0,0,0,0
454,0,1.30643130499532,1.30643130499532,0,1.30643130499532,1.30643130499532,0,0,0,0,0,0,0,0,0
456,2.91704731867446,16.9685273202019,19.8855746388763,2.91704731867446,16.9685273202019,19.8855746388763,0,0,0,0,0,0,0,0,0
460,0,9.18633107836192,9.18633107836192,0,0,0,0,9.18633107836192,9.18633107836192,0,0,0,0,0,0
464,0,0,0,0,0,0,0,0,0,0,0,0,0,0,0
466,0,8.29773159629404,8.29773159629404,0,0.00196349540849362,0.00196349540849362,0,8.29576810088555,8.29576810088555,0,0,0,0,0,0
467,0,15.8703050683232,15.8703050683232,0,0,0,0,15.8703050683232,15.8703050683232,0,0,0,0,0,0
469,3.90570652675917,0,3.90570652675917,3.90570652675917,0,3.90570652675917,0,0,0,0,0,0,0,0,0
499,0,0,0,0,0,0,0,0,0,0,0,0,0,0,0
502,0,1.18477312948505,1.18477312948505,0,0,0,0,1.18477312948505,1.18477312948505,0,0,0,0,0,0
503,0,9.78904562895312,9.78904562895312,0,0,0,0,9.78904562895312,9.78904562895312,0,0,0,0,0,0
505,0,0,0,0,0,0,0,0,0,0,0,0,0,0,0
506,0,11.3095764732906,11.3095764732906,0,0,0,0,9.94109871338686,9.94109871338686,0,1.36847775990371,1.36847775990371,0,0,0
535,0,1.4957122623741,1.4957122623741,0,1.4957122623741,1.4957122623741,0,0,0,0,0,0,0,0,0
536,0,0.968003236387355,0.968003236387355,0,0,0,0,0.968003236387355,0.968003236387355,0,0,0,0,0,0
538,0,0.311724531052447,0.311724531052447,0,0.311724531052447,0.311724531052447,0,0,0,0,0,0,0,0,0
540,0,0,0,0,0,0,0,0,0,0,0,0,0,0,0
541,0,0.292246656600191,0.292246656600191,0,0,0,0,0,0,0,0.292246656600191,0.292246656600191,0,0,0
545,0,0,0,0,0,0,0,0,0,0,0,0,0,0,0
574,0.502654824574367,3.37132161638355,3.87397644095791,0.502654824574367,0,0.502654824574367,0,0,0,0,0,0,0,3.37132161638355,3.37132161638355
577,30.5843469604927,0.967689077121996,31.5520360376147,0,0,0,30.5843469604927,0.967689077121996,31.5520360376147,0,0,0,0,0,0
581,0,1.73879299394561,1.96781509839231,0,0.865901475145687,0.865901475145687,0,0.872891518799924,1.10191362324662,0,0,0,0,0,0
585,0,0,0,0,0,0,0,0,0,0,0,0,0,0,0
618,32.216718503298,2.62967013068734,34.8463886339853,0,0,0,32.216718503298,2.62967013068734,34.8463886339853,0,0,0,0,0,0
620,0.407150407905237,1.01143575482323,1.41858616272847,0.407150407905237,0.220618344098343,0.627768752003581,0,0.790817410724891,0.790817410724891,0,0,0,0,0,0
653,0.708821842466197,49.5506130491123,50.2594348915785,0,0,0,0.708821842466197,49.5506130491123,50.2594348915785,0,0,0,0,0,0
657,0,0,0,0,0,0,0,0,0,0,0,0,0,0,0
659,0,6.14848952215692,6.14848952215692,0,0,0,0,6.14848952215692,6.14848952215692,0,0,0,0,0,0
661,0.180955736846772,5.81045415263066,5.99140988947743,0,0,0,0.180955736846772,5.81045415263066,5.99140988947743,0,0,0,0,0,0
662,1.56145008865047,1.39596669562262,2.95741678427309,0,0,0,1.56145008865047,1.39596669562262,2.95741678427309,0,0,0,0,0,0
666,0,0.282743338823081,0.282743338823081,0,0,0,0,0.282743338823081,0.282743338823081,0,0,0,0,0,0
669,4.71435247579318,7.39860777883664,12.1129602546298,0,0,0,4.71435247579318,7.39860777883664,12.1129602546298,0,0,0,0,0,0
707,0,0.930618283809636,0.930618283809636,0,0.145220120412188,0.145220120412188,0,0.785398163397448,0.785398163397448,0,0,0,0,0,0
708,0,16.5122895270843,16.5122895270843,0,0,0,0,16.5122895270843,16.5122895270843,0,0,0,0,0,0
711,0,0,0,0,0,0,0,0,0,0,0,0,0,0,0
717,0,0.407150407905237,0.407150407905237,0,0,0,0,0.407150407905237,0.407150407905237,0,0,0,0,0,0
718,0,0,0,0,0,0,0,0,0,0,0,0,0,0,0
719,0,4.92892325403337,4.92892325403337,0,0,0,0,4.92892325403337,4.92892325403337,0,0,0,0,0,0
758,0,0,0,0,0,0,0,0,0,0,0,0,0,0,0
761,0,0,0,0,0,0,0,0,0,0,0,0,0,0,0
766,0,0,0,0,0,0,0,0,0,0,0,0,0,0,0
801,0.132025431267111,0,0.132025431267111,0,0,0,0.132025431267111,0,0.132025431267111,0,0,0,0,0,0
806,0,0,0,0,0,0,0,0,0,0,0,0,0,0,0
808,0,2.23029516459973,2.23029516459973,0,0.882473376393373,0.882473376393373,0,1.34782178820636,1.34782178820636,0,0,0,0,0,0
810,14.0530507978542,0,14.0530507978542,0,0,0,14.0530507978542,0,14.0530507978542,0,0,0,0,0,0
812,0,0,0,0,0,0,0,0,0,0,0,0,0,0,0
814,0.465662571078347,0,0.465662571078347,0,0,0,0.465662571078347,0,0.465662571078347,0,0,0,0,0,0
815,0.24630086404144,0,0.24630086404144,0,0,0,0.24630086404144,0,0.24630086404144,0,0,0,0,0,0
844,0,6.157521601036,6.157521601036,0,6.157521601036,6.157521601036,0,0,0,0,0,0,0,0,0
845,0,1.20762821603992,1.20762821603992,0,1.20762821603992,1.20762821603992,0,0,0,0,0,0,0,0,0
846,0,0,0,0,0,0,0,0,0,0,0,0,0,0,0
847,3.43093333698541,0.754296396126909,4.18522973311232,3.43093333698541,0.754296396126909,4.18522973311232,0,0,0,0,0,0,0,0,0
851,1.38929081123375,0,1.38929081123375,1.38929081123375,0,1.38929081123375,0,0,0,0,0,0,0,0,0
852,0,0,0,0,0,0,0,0,0,0,0,0,0,0,0
857,0,3.20473866592695,3.20473866592695,0,0,0,0,3.20473866592695,3.20473866592695,0,0,0,0,0,0
859,0,3.04805173232916,3.04805173232916,0,3.04805173232916,3.04805173232916,0,0,0,0,0,0,0,0,0
860,0,0,0,0,0,0,0,0,0,0,0,0,0,0,0
865,0,2.85719997862358,2.85719997862358,0,0,0,0,2.85719997862358,2.85719997862358,0,0,0,0,0,0
892,0,0,0,0,0,0,0,0,0,0,0,0,0,0,0
893,0,0,0,0,0,0,0,0,0,0,0,0,0,0,0
894,0,4.1065328371399,4.1065328371399,0,4.1065328371399,4.1065328371399,0,0,0,0,0,0,0,0,0
895,0.985203456165759,0,0.985203456165759,0.985203456165759,0,0.985203456165759,0,0,0,0,0,0,0,0,0
899,0,0,0,0,0,0,0,0,0,0,0,0,0,0,0
900,10.9858353503381,0,10.9858353503381,0,0,0,10.9858353503381,0,10.9858353503381,0,0,0,0,0,0
903,0,2.25974759572714,2.25974759572714,0,0,0,0,2.25974759572714,2.25974759572714,0,0,0,0,0,0
907,0,0,0,0,0,0,0,0,0,0,0,0,0,0,0
933,0,0,0,0,0,0,0,0,0,0,0,0,0,0,0
939,0,0,0,0,0,0,0,0,0,0,0,0,0,0,0
949,0,0.395919214168654,0.395919214168654,0,0.395919214168654,0.395919214168654,0,0,0,0,0,0,0,0,0
974,0,0,0,0,0,0,0,0,0,0,0,0,0,0,0
981,0,12.993548675431,12.993548675431,0,0,0,0,12.993548675431,12.993548675431,0,0,0,0,0,0
988,0,0.196349540849362,0.196349540849362,0,0.196349540849362,0.196349540849362,0,0,0,0,0,0,0,0,0
1012,0,0,0,0,0,0,0,0,0,0,0,0,0,0,0
1022,0,0,0,0,0,0,0,0,0,0,0,0,0,0,0
1024,0,0.67709175666494,0.67709175666494,0,0,0,0,0.67709175666494,0.67709175666494,0,0,0,0,0,0
1045,13.3964579332539,0,13.3964579332539,0,0,0,13.3964579332539,0,13.3964579332539,0,0,0,0,0,0
1049,0,0.838333999610436,0.838333999610436,0,0.838333999610436,0.838333999610436,0,0,0,0,0,0,0,0,0
1050,0,0,0,0,0,0,0,0,0,0,0,0,0,0,0
1052,0.430084034276443,0,0.430084034276443,0.430084034276443,0,0.430084034276443,0,0,0,0,0,0,0,0,0
1053,0.180955736846772,0,0.180955736846772,0,0,0,0.180955736846772,0,0.180955736846772,0,0,0,0,0,0
1068,0,1.16898662640076,1.16898662640076,0,0,0,0,1.16898662640076,1.16898662640076,0,0,0,0,0,0
1069,0,2.08672438033068,2.08672438033068,0,0,0,0,2.08672438033068,2.08672438033068,0,0,0,0,0,0
1075,11.9459060652752,24.7647036493503,36.7106097146255,0,0,0,11.9459060652752,24.7647036493503,36.7106097146255,0,0,0,0,0,0
1080,0,4.20384366958484,4.20384366958484,0,1.52728526854268,1.52728526854268,0,0,0,0,2.14358720736066,2.14358720736066,0,0.532971193681508,0.532971193681508
1099,0,0,0,0,0,0,0,0,0,0,0,0,0,0,0
1108,17.2178912370806,0,17.2178912370806,0,0,0,17.2178912370806,0,17.2178912370806,0,0,0,0,0,0
1109,0,6.47600055629366,6.47600055629366,0,0,0,0,6.47600055629366,6.47600055629366,0,0,0,0,0,0
1110,8.37705681079719,1.27807843129667,9.65513524209385,0,0,0,8.37705681079719,1.27807843129667,9.65513524209385,0,0,0,0,0,0
1111,27.9615883336433,0.931325142156694,28.8929134758,0,0.931325142156694,0.931325142156694,27.9615883336433,0,27.9615883336433,0,0,0,0,0,0
1113,0,0.311724531052447,0.311724531052447,0,0.311724531052447,0.311724531052447,0,0,0,0,0,0,0,0,0
1114,0,0,0,0,0,0,0,0,0,0,0,0,0,0,0
1115,0,0,0,0,0,0,0,0,0,0,0,0,0,0,0
1139,0,0,0,0,0,0,0,0,0,0,0,0,0,0,0
1142,23.7649703271617,2.80182940810406,26.5667997352657,0,0,0,23.7649703271617,2.80182940810406,26.5667997352657,0,0,0,0,0,0
1144,0,2.756276314627,2.756276314627,0,2.756276314627,2.756276314627,0,0,0,0,0,0,0,0,0
1145,0,1.8587232934964,1.8587232934964,0,1.8587232934964,1.8587232934964,0,0,0,0,0,0,0,0,0
1148,0,0,0,0,0,0,0,0,0,0,0,0,0,0,0
1153,1.80138922756839,0,2.11311375862083,1.80138922756839,0,2.11311375862083,0,0,0,0,0,0,0,0,0
1160,0,0,0,0,0,0,0,0,0,0,0,0,0,0,0
1180,0,0.678034234461017,0.678034234461017,0,0,0,0,0.678034234461017,0.678034234461017,0,0,0,0,0,0
1182,0,0,0,0,0,0,0,0,0,0,0,0,0,0,0
1185,0,0.55417694409324,0.55417694409324,0,0.55417694409324,0.55417694409324,0,0,0,0,0,0,0,0,0
1186,0,0,0,0,0,0,0,0,0,0,0,0,0,0,0
1192,1.21917356904186,0,1.21917356904186,1.21917356904186,0,1.21917356904186,0,0,0,0,0,0,0,0,0
1200,0,0,0,0,0,0,0,0,0,0,0,0,0,0,0
1207,0.180955736846772,0.204282062299676,0.385237799146448,0.180955736846772,0.204282062299676,0.385237799146448,0,0,0,0,0,0,0,0,0
1209,1.04261606191011,0,1.04261606191011,1.04261606191011,0,1.04261606191011,0,0,0,0,0,0,0,0,0
1214,0.801184666481737,0.352565235549115,1.15374990203085,0,0,0,0.801184666481737,0.352565235549115,1.15374990203085,0,0,0,0,0,0
1219,10.9931395532577,0,10.9931395532577,0,0,0,10.9931395532577,0,10.9931395532577,0,0,0,0,0,0
1220,8.04561878584346,0,8.04561878584346,0,0,0,8.04561878584346,0,8.04561878584346,0,0,0,0,0,0
1221,0,1.26959613113198,1.26959613113198,0,1.26959613113198,1.26959613113198,0,0,0,0,0,0,0,0,0
1222,0,0.132025431267111,0.463856155302533,0,0,0,0,0.132025431267111,0.463856155302533,0,0,0,0,0,0
1225,4.81346972401394,1.32622333871293,6.13969306272687,4.81346972401394,1.32622333871293,6.13969306272687,0,0,0,0,0,0,0,0,0
1235,4.10331270466997,0,4.10331270466997,4.10331270466997,0,4.10331270466997,0,0,0,0,0,0,0,0,0
1247,0,0,0,0,0,0,0,0,0,0,0,0,0,0,0
1253,16.5468470462738,0,16.5468470462738,0,0,0,16.5468470462738,0,16.5468470462738,0,0,0,0,0,0
1257,0,0.229022104446696,0.229022104446696,0,0,0,0,0.229022104446696,0.229022104446696,0,0,0,0,0,0
1258,4.752915525616,3.61715124152695,8.37006676714295,0,0,0,4.752915525616,3.61715124152695,8.37006676714295,0,0,0,0,0,0
1259,0.282743338823081,0.204282062299676,0.487025401122758,0,0,0,0,0.204282062299676,0.204282062299676,0,0,0,0.282743338823081,0,0.282743338823081
1261,0.331830724035422,0,0.331830724035422,0,0,0,0.331830724035422,0,0.331830724035422,0,0,0,0,0,0
1264,0,5.36552609306601,5.36552609306601,0,5.36552609306601,5.36552609306601,0,0,0,0,0,0,0,0,0
1272,0,0,0,0,0,0,0,0,0,0,0,0,0,0,0
1273,0,0,0,0,0,0,0,0,0,0,0,0,0,0,0
1276,3.88685697083763,1.66449432768821,5.55135129852584,3.88685697083763,1.66449432768821,5.55135129852584,0,0,0,0,0,0,0,0,0
1294,0,8.63977249645363,8.78499261686582,0,0,0,0,8.63977249645363,8.78499261686582,0,0,0,0,0,0
1295,6.37437003395003,0,6.37437003395003,0,0,0,6.37437003395003,0,6.37437003395003,0,0,0,0,0,0
1297,0,0,0,0,0,0,0,0,0,0,0,0,0,0,0
1298,0,22.5603266241427,22.5603266241427,0,0,0,0,14.3084622805911,14.3084622805911,0,8.25186434355163,8.25186434355163,0,0,0
1299,14.793445646489,14.7253516257224,29.5187972722114,0,0,0,14.793445646489,14.7253516257224,29.5187972722114,0,0,0,0,0,0
1319,2.99189576364624,1.45267244301992,4.44456820666616,2.99189576364624,1.45267244301992,4.44456820666616,0,0,0,0,0,0,0,0,0
1320,0,0,0,0,0,0,0,0,0,0,0,0,0,0,0
1321,1.41026094219646,0,1.41026094219646,1.41026094219646,0,1.41026094219646,0,0,0,0,0,0,0,0,0
1322,0,0,0,0,0,0,0,0,0,0,0,0,0,0,0
1333,0,2.99338802015669,2.99338802015669,0,0,0,0,2.99338802015669,2.99338802015669,0,0,0,0,0,0
1335,0,9.79234430123939,9.79234430123939,0,0.622113885227119,0.622113885227119,0,4.86585578151255,4.86585578151255,0,4.30437463449972,4.30437463449972,0,0,0
1340,0,0,0,0,0,0,0,0,0,0,0,0,0,0,0
1341,3.37493444793517,5.18150730338199,8.55644175131716,3.37493444793517,5.18150730338199,8.55644175131716,0,0,0,0,0,0,0,0,0
1356,0.825767628996077,0,0.825767628996077,0.825767628996077,0,0.825767628996077,0,0,0,0,0,0,0,0,0
1362,0,0,0,0,0,0,0,0,0,0,0,0,0,0,0
1364,11.8808750973459,0,11.8808750973459,0,0,0,11.8808750973459,0,11.8808750973459,0,0,0,0,0,0
1367,0,8.34980349452729,8.34980349452729,0,0,0,0,8.34980349452729,8.34980349452729,0,0,0,0,0,0
1398,0.738981131940659,2.79963029324654,3.5386114251872,0.738981131940659,2.79963029324654,3.5386114251872,0,0,0,0,0,0,0,0,0
1400,0,7.41455136155361,7.41455136155361,0,7.41455136155361,7.41455136155361,0,0,0,0,0,0,0,0,0
1401,0,2.01093345756283,2.01093345756283,0,2.01093345756283,2.01093345756283,0,0,0,0,0,0,0,0,0
1413,2.38706063801386,15.2068006998851,17.5938613378989,0,0,0,0,0,0,2.38706063801386,8.23215084965035,10.6192114876642,0,6.9746498502347,6.9746498502347
1421,0,0,0,0,0,0,0,0,0,0,0,0,0,0,0
1422,0,0,0,0,0,0,0,0,0,0,0,0,0,0,0
1423,0,0,0,0,0,0,0,0,0,0,0,0,0,0,0
1425,0,0,0,0,0,0,0,0,0,0,0,0,0,0,0
1430,0.00785398163397448,0,0.00785398163397448,0,0,0,0.00785398163397448,0,0.00785398163397448,0,0,0,0,0,0
1438,0,0,0,0,0,0,0,0,0,0,0,0,0,0,0
1440,0,0,0,0,0,0,0,0,0,0,0,0,0,0,0
1450,0,0,0,0,0,0,0,0,0,0,0,0,0,0,0
1460,0.980333987552695,0,0.980333987552695,0,0,0,0.980333987552695,0,0.980333987552695,0,0,0,0,0,0
1461,0,0,0,0,0,0,0,0,0,0,0,0,0,0,0
1467,0,0,0,0,0,0,0,0,0,0,0,0,0,0,0
1476,0,0,0,0,0,0,0,0,0,0,0,0,0,0,0
1478,0,0,0,0,0,0,0,0,0,0,0,0,0,0,0
1479,0,0,0,0,0,0,0,0,0,0,0,0,0,0,0
1481,0,0,0,0,0,0,0,0,0,0,0,0,0,0,0
1482,0,0,0,0,0,0,0,0,0,0,0,0,0,0,0
1484,0,0.575304154688631,0.575304154688631,0,0,0,0,0.575304154688631,0.575304154688631,0,0,0,0,0,0
1485,0.408564124599352,33.5817405112827,33.9903046358821,0.408564124599352,0.800791967400038,1.20935609199939,0,32.7809485438827,32.7809485438827,0,0,0,0,0,0
1487,0,0,0,0,0,0,0,0,0,0,0,0,0,0,0
1498,0,0,0,0,0,0,0,0,0,0,0,0,0,0,0
1500,0,0.693977817177985,0.693977817177985,0,0.693977817177985,0.693977817177985,0,0,0,0,0,0,0,0,0
1501,0,3.12250747821924,3.12250747821924,0,2.00881288252165,2.00881288252165,0,1.11369459569758,1.11369459569758,0,0,0,0,0,0
1502,0,9.13268838380187,9.13268838380187,0,0,0,0,9.13268838380187,9.13268838380187,0,0,0,0,0,0
1503,0,1.04332292025717,1.04332292025717,0,1.04332292025717,1.04332292025717,0,0,0,0,0,0,0,0,0
1504,0,0,0,0,0,0,0,0,0,0,0,0,0,0,0
1505,0,0,0,0,0,0,0,0,0,0,0,0,0,0,0
1507,0,0,0,0,0,0,0,0,0,0,0,0,0,0,0
1508,0,0,0,0,0,0,0,0,0,0,0,0,0,0,0
1510,0,0,0,0,0,0,0,0,0,0,0,0,0,0,0
1511,0,0.204282062299676,0.204282062299676,0,0.204282062299676,0.204282062299676,0,0,0,0,0,0,0,0,0
1514,0,3.01718558450764,3.01718558450764,0,3.01718558450764,3.01718558450764,0,0,0,0,0,0,0,0,0
1518,0,0,0,0,0,0,0,0,0,0,0,0,0,0,0
1522,1.69716689128555,0,1.69716689128555,1.69716689128555,0,1.69716689128555,0,0,0,0,0,0,0,0,0
1526,1.87262484098854,0,1.87262484098854,1.87262484098854,0,1.87262484098854,0,0,0,0,0,0,0,0,0
1527,0,0,0,0,0,0,0,0,0,0,0,0,0,0,0
1529,0,2.89160041818038,2.89160041818038,0,2.89160041818038,2.89160041818038,0,0,0,0,0,0,0,0,0
1531,0.196349540849362,0,0.196349540849362,0,0,0,0,0,0,0,0,0,0.196349540849362,0,0.196349540849362
1535,0,0,0,0,0,0,0,0,0,0,0,0,0,0,0
1538,0,0,0,0,0,0,0,0,0,0,0,0,0,0,0
1539,0,0,0,0,0,0,0,0,0,0,0,0,0,0,0
1540,0,0,0,0,0,0,0,0,0,0,0,0,0,0,0
1542,0,1.52320119809301,1.52320119809301,0,1.52320119809301,1.52320119809301,0,0,0,0,0,0,0,0,0
1544,0,0,0,0,0,0,0,0,0,0,0,0,0,0,0
1552,9.68168170001668,0,9.68168170001668,0,0,0,9.68168170001668,0,9.68168170001668,0,0,0,0,0,0
1554,0,0,0,0,0,0,0,0,0,0,0,0,0,0,0
1557,4.43255161476618,0,4.43255161476618,4.43255161476618,0,4.43255161476618,0,0,0,0,0,0,0,0,0
1558,0,0,0,0,0,0,0,0,0,0,0,0,0,0,0
1559,0,0,0,0,0,0,0,0,0,0,0,0,0,0,0
1560,0,0,0,0,0,0,0,0,0,0,0,0,0,0,0
1562,0,0.152053084433746,0.152053084433746,0,0,0,0,0.152053084433746,0.152053084433746,0,0,0,0,0,0
1564,0,0,0,0,0,0,0,0,0,0,0,0,0,0,0
1567,0,0,0,0,0,0,0,0,0,0,0,0,0,0,0
1569,0,0,0,0,0,0,0,0,0,0,0,0,0,0,0
1571,0,0,0,0,0,0,0,0,0,0,0,0,0,0,0
1573,0.465662571078347,0,0.465662571078347,0.465662571078347,0,0.465662571078347,0,0,0,0,0,0,0,0,0
1577,0,0,0,0,0,0,0,0,0,0,0,0,0,0,0
1578,0,0,0,0,0,0,0,0,0,0,0,0,0,0,0
1579,0,0,0,0,0,0,0,0,0,0,0,0,0,0,0
1580,0.196349540849362,0,0.196349540849362,0.196349540849362,0,0.196349540849362,0,0,0,0,0,0,0,0,0
1581,0,0,0,0,0,0,0,0,0,0,0,0,0,0,0
1583,0,0,0,0,0,0,0,0,0,0,0,0,0,0,0
1584,0,0,0,0,0,0,0,0,0,0,0,0,0,0,0
1587,0.411077398722224,0,0.411077398722224,0.411077398722224,0,0.411077398722224,0,0,0,0,0,0,0,0,0
1589,0.36332519038766,0,0.36332519038766,0.36332519038766,0,0.36332519038766,0,0,0,0,0,0,0,0,0
1590,0,0,0,0,0,0,0,0,0,0,0,0,0,0,0
1591,0,0,0,0,0,0,0,0,0,0,0,0,0,0,0
1592,0.159043128087983,0,0.159043128087983,0.159043128087983,0,0.159043128087983,0,0,0,0,0,0,0,0,0
1594,0.530614999191316,0,0.530614999191316,0.530614999191316,0,0.530614999191316,0,0,0,0,0,0,0,0,0
1596,0.624077380635612,0,0.624077380635612,0.624077380635612,0,0.624077380635612,0,0,0,0,0,0,0,0,0
1598,0.409977841293468,0,0.409977841293468,0.409977841293468,0,0.409977841293468,0,0,0,0,0,0,0,0,0
1601,0,0,0,0,0,0,0,0,0,0,0,0,0,0,0
1602,0,0,0,0,0,0,0,0,0,0,0,0,0,0,0
1604,0,0,0,0,0,0,0,0,0,0,0,0,0,0,0
1605,0.196349540849362,0,0.196349540849362,0.196349540849362,0,0.196349540849362,0,0,0,0,0,0,0,0,0
1606,0,0,0,0,0,0,0,0,0,0,0,0,0,0,0
1607,0.220618344098343,0,0.220618344098343,0.220618344098343,0,0.220618344098343,0,0,0,0,0,0,0,0,0
1608,0.715183567589716,0,0.715183567589716,0.715183567589716,0,0.715183567589716,0,0,0,0,0,0,0,0,0
1609,0.647089546823158,0,0.647089546823158,0.647089546823158,0,0.647089546823158,0,0,0,0,0,0,0,0,0
1612,0,0,0,0,0,0,0,0,0,0,0,0,0,0,0
1615,0,0,0,0,0,0,0,0,0,0,0,0,0,0,0
1617,0,0,0,0,0,0,0,0,0,0,0,0,0,0,0
1619,0,0,0,0,0,0,0,0,0,0,0,0,0,0,0
1620,0,0,0,0,0,0,0,0,0,0,0,0,0,0,0
1623,0,0,0,0,0,0,0,0,0,0,0,0,0,0,0
1624,0,0,0,0,0,0,0,0,0,0,0,0,0,0,0
1625,0,0,0,0,0,0,0,0,0,0,0,0,0,0,0
1627,0,0,0,0,0,0,0,0,0,0,0,0,0,0,0
1628,0.24630086404144,0,0.24630086404144,0.24630086404144,0,0.24630086404144,0,0,0,0,0,0,0,0,0
1630,0,0,0,0,0,0,0,0,0,0,0,0,0,0,0
1631,0,0,0,0,0,0,0,0,0,0,0,0,0,0,0
1634,0,0,0,0,0,0,0,0,0,0,0,0,0,0,0
1635,0,0,0,0,0,0,0,0,0,0,0,0,0,0,0
1637,0,0,0,0,0,0,0,0,0,0,0,0,0,0,0
1640,0,0,0,0,0,0,0,0,0,0,0,0,0,0,0
1643,0,0,0,0,0,0,0,0,0,0,0,0,0,0,0
1644,0,0,0,0,0,0,0,0,0,0,0,0,0,0,0
1645,0,0,0,0,0,0,0,0,0,0,0,0,0,0,0
1647,0,0,0,0,0,0,0,0,0,0,0,0,0,0,0
1648,0,0,0,0,0,0,0,0,0,0,0,0,0,0,0
1649,0,0,0,0,0,0,0,0,0,0,0,0,0,0,0
1651,0,0,0,0,0,0,0,0,0,0,0,0,0,0,0
1653,0,0,0,0,0,0,0,0,0,0,0,0,0,0,0
1657,0,0,0,0,0,0,0,0,0,0,0,0,0,0,0
1658,0.498020975410322,0,0.498020975410322,0.498020975410322,0,0.498020975410322,0,0,0,0,0,0,0,0,0
1662,0,0,0,0,0,0,0,0,0,0,0,0,0,0,0
1663,2.56291128679855,1.55964367287465,4.12255495967321,2.56291128679855,1.55964367287465,4.12255495967321,0,0,0,0,0,0,0,0,0
1665,0,0,0,0,0,0,0,0,0,0,0,0,0,0,0
1666,0,0,0,0,0,0,0,0,0,0,0,0,0,0,0
1672,0,0,0,0,0,0,0,0,0,0,0,0,0,0,0
1674,0,0,0,0,0,0,0,0,0,0,0,0,0,0,0
1675,0,0,0,0,0,0,0,0,0,0,0,0,0,0,0
1678,0,4.0490416915792,5.93596077914157,0,4.0490416915792,4.0490416915792,0,0,0,0,0,0,0,0,0
1679,0,0,3.04459598041021,0,0,2.51649425534176,0,0,0,0,0,0.528101725068444,0,0,0
1685,0,4.5258569165778,4.5258569165778,0,4.5258569165778,4.5258569165778,0,0,0,0,0,0,0,0,0
1686,0,6.52351714517921,6.52351714517921,0,6.52351714517921,6.52351714517921,0,0,0,0,0,0,0,0,0
1701,0,0,0,0,0,0,0,0,0,0,0,0,0,0,0
1702,0,2.54068451877441,2.54068451877441,0,0,0,0,2.54068451877441,2.54068451877441,0,0,0,0,0,0
1705,0,8.21730682436214,8.21730682436214,0,8.21730682436214,8.21730682436214,0,0,0,0,0,0,0,0,0
1706,0,0,0,0,0,0,0,0,0,0,0,0,0,0,0
1707,0,0,0,0,0,0,0,0,0,0,0,0,0,0,0
1708,0,11.3102047918213,11.3102047918213,0,11.3102047918213,11.3102047918213,0,0,0,0,0,0,0,0,0
1723,0,0,0,0,0,0,0,0,0,0,0,0,0,0,0
1724,0,0,0,0,0,0,0,0,0,0,0,0,0,0,0
1738,0,0,0,0,0,0,0,0,0,0,0,0,0,0,0
1739,0,0,0,0,0,0,0,0,0,0,0,0,0,0,0
1754,0,6.71248394329263,6.71248394329263,0,6.71248394329263,6.71248394329263,0,0,0,0,0,0,0,0,0
1757,0,0,0,0,0,0,0,0,0,0,0,0,0,0,0
1759,0,0,0,0,0,0,0,0,0,0,0,0,0,0,0
1760,0,0,0,0,0,0,0,0,0,0,0,0,0,0,0
1761,0,0.297587364111293,0.297587364111293,0,0.297587364111293,0.297587364111293,0,0,0,0,0,0,0,0,0
1770,0,0.541139334580842,0.541139334580842,0,0.541139334580842,0.541139334580842,0,0,0,0,0,0,0,0,0
1771,0,1.72033613710577,1.72033613710577,0,1.72033613710577,1.72033613710577,0,0,0,0,0,0,0,0,0
1772,0,5.3751864904758,5.3751864904758,0,5.3751864904758,5.3751864904758,0,0,0,0,0,0,0,0,0
1789,0,0,0,0,0,0,0,0,0,0,0,0,0,0,0
1791,0,0,0,0,0,0,0,0,0,0,0,0,0,0,0
1792,0,6.57119081369743,6.57119081369743,0,6.57119081369743,6.57119081369743,0,0,0,0,0,0,0,0,0
1793,0,0,0,0,0,0,0,0,0,0,0,0,0,0,0
1794,0,0,0,0,0,0,0,0,0,0,0,0,0,0,0
1795,0.785398163397448,2.85390130633731,3.63929946973476,0.785398163397448,2.85390130633731,3.63929946973476,0,0,0,0,0,0,0,0,0
1796,0,0,0,0,0,0,0,0,0,0,0,0,0,0,0
1798,0,2.41706284785565,2.41706284785565,0,2.41706284785565,2.41706284785565,0,0,0,0,0,0,0,0,0
1805,0,3.60442779127991,3.60442779127991,0,3.60442779127991,3.60442779127991,0,0,0,0,0,0,0,0,0
1807,0,0,0,0,0,0,0,0,0,0,0,0,0,0,0
1816,0,0,0,0,0,0,0,0,0,0,0,0,0,0,0
1825,0,0,0,0,0,0,0,0,0,0,0,0,0,0,0
1831,0,0,0,0,0,0,0,0,0,0,0,0,0,0,0
1833,0,0,0,0,0,0,0,0,0,0,0,0,0,0,0
1835,0,0,0,0,0,0,0,0,0,0,0,0,0,0,0
1836,0,0,0,0,0,0,0,0,0,0,0,0,0,0,0
1840,0,0,0,0,0,0,0,0,0,0,0,0,0,0,0
1844,0,1.50702199592702,1.50702199592702,0,1.50702199592702,1.50702199592702,0,0,0,0,0,0,0,0,0
1845,0,0,0,0,0,0,0,0,0,0,0,0,0,0,0
1876,0,13.9707410703302,13.9707410703302,0,11.0995610043981,11.0995610043981,0,0,0,0,2.87118006593205,2.87118006593205,0,0,0
1889,0,9.6198708645573,9.6198708645573,0,9.6198708645573,9.6198708645573,0,0,0,0,0,0,0,0,0
1916,0.502654824574367,0,0.502654824574367,0.502654824574367,0,0.502654824574367,0,0,0,0,0,0,0,0,0
1931,0,9.6218343599658,9.6218343599658,0,6.34122623145466,6.34122623145466,0,0,0,0,3.28060812851114,3.28060812851114,0,0,0
1936,0,0,0,0,0,0,0,0,0,0,0,0,0,0,0
1942,0,0,0,0,0,0,0,0,0,0,0,0,0,0,0
1979,0,11.715156084869,11.715156084869,0,11.715156084869,11.715156084869,0,0,0,0,0,0,0,0,0
1981,0,3.7553813182849,3.7553813182849,0,3.7553813182849,3.7553813182849,0,0,0,0,0,0,0,0,0
1982,0,16.8771069739824,16.8771069739824,0,16.8771069739824,16.8771069739824,0,0,0,0,0,0,0,0,0
2034,0,27.0773085414741,27.0773085414741,0,6.8138003063709,6.8138003063709,0,0,0,0,0,0,0,20.2635082351032,20.2635082351032
2035,0,7.50856352171229,7.50856352171229,0,7.50856352171229,7.50856352171229,0,0,0,0,0,0,0,0,0
2041,0,2.40913032640533,2.71103738041531,0,2.40913032640533,2.40913032640533,0,0,0,0,0,0,0,0,0
2042,0,0,0,0,0,0,0,0,0,0,0,0,0,0,0
2043,0,0,0,0,0,0,0,0,0,0,0,0,0,0,0
2107,0,11.0012291543407,11.0012291543407,0,11.0012291543407,11.0012291543407,0,0,0,0,0,0,0,0,0
2108,0,3.59885146431979,3.59885146431979,0,3.59885146431979,3.59885146431979,0,0,0,0,0,0,0,0,0
2111,0,3.45457382170368,3.45457382170368,0,3.45457382170368,3.45457382170368,0,0,0,0,0,0,0,0,0
2113,1.47411381288067,3.23136366366612,4.70547747654679,1.47411381288067,3.23136366366612,4.70547747654679,0,0,0,0,0,0,0,0,0
2115,0,0,0,0,0,0,0,0,0,0,0,0,0,0,0
2155,0,3.6190361971191,3.6190361971191,0,3.6190361971191,3.6190361971191,0,0,0,0,0,0,0,0,0
2158,0,0,0,0,0,0,0,0,0,0,0,0,0,0,0
2159,0,1.05070566299311,1.77452861038019,0,1.05070566299311,1.05070566299311,0,0,0,0,0,0,0,0,0
2163,1.78261821146319,2.77693228632436,4.55955049778755,1.78261821146319,2.77693228632436,4.55955049778755,0,0,0,0,0,0,0,0,0
2195,0,0.502654824574367,0.502654824574367,0,0.502654824574367,0.502654824574367,0,0,0,0,0,0,0,0,0
2200,0,8.12816413281653,8.12816413281653,0,8.12816413281653,8.12816413281653,0,0,0,0,0,0,0,0,0
2202,0,15.9129521885957,15.9129521885957,0,15.9129521885957,15.9129521885957,0,0,0,0,0,0,0,0,0
2205,0.785398163397448,4.5238934211693,5.30929158456675,0.785398163397448,4.5238934211693,5.30929158456675,0,0,0,0,0,0,0,0,0
2208,0,0,0,0,0,0,0,0,0,0,0,0,0,0,0
2210,0,0,0,0,0,0,0,0,0,0,0,0,0,0,0
2211,0,13.3223948864456,13.3223948864456,0,13.3223948864456,13.3223948864456,0,0,0,0,0,0,0,0,0
2212,0,0.490166993776347,0.490166993776347,0,0.490166993776347,0.490166993776347,0,0,0,0,0,0,0,0,0
2213,0,0,0,0,0,0,0,0,0,0,0,0,0,0,0
2251,0.6647610054996,1.32567355999855,1.99043456549815,0.6647610054996,1.32567355999855,1.99043456549815,0,0,0,0,0,0,0,0,0
2253,0,0,0,0,0,0,0,0,0,0,0,0,0,0,0
2269,0,0,0,0,0,0,0,0,0,0,0,0,0,0,0
2271,0,0,0,0,0,0,0,0,0,0,0,0,0,0,0
2272,0,0,0,0,0,0,0,0,0,0,0,0,0,0,0
2311,1.09358840271461,2.93715351165744,4.03074191437204,1.09358840271461,2.93715351165744,4.03074191437204,0,0,0,0,0,0,0,0,0
2312,1.11220233918713,9.39689632596877,10.5090986651559,1.11220233918713,9.39689632596877,10.5090986651559,0,0,0,0,0,0,0,0,0
2317,0,10.2866739052817,10.2866739052817,0,10.2866739052817,10.2866739052817,0,0,0,0,0,0,0,0,0
2318,0,4.08517000709549,4.08517000709549,0,4.08517000709549,4.08517000709549,0,0,0,0,0,0,0,0,0
2334,0,0,0,0,0,0,0,0,0,0,0,0,0,0,0
2336,0,0,0,0,0,0,0,0,0,0,0,0,0,0,0
2378,0,0,0,0,0,0,0,0,0,0,0,0,0,0,0
2379,0,0.819720063137917,0.819720063137917,0,0.819720063137917,0.819720063137917,0,0,0,0,0,0,0,0,0
2380,0.407150407905237,9.92908212148688,10.3362325293921,0.407150407905237,9.92908212148688,10.3362325293921,0,0,0,0,0,0,0,0,0
2412,0,0,0,0,0,0,0,0,0,0,0,0,0,0,0
2414,0,14.5220120412188,14.5220120412188,0,0,0,0,0,0,0,0,0,0,14.5220120412188,14.5220120412188
2460,0,17.8847728176213,17.8847728176213,0,17.8847728176213,17.8847728176213,0,0,0,0,0,0,0,0,0
2523,0,0,0,0,0,0,0,0,0,0,0,0,0,0,0
2626,0,0,0,0,0,0,0,0,0,0,0,0,0,0,0
2644,0,0,0,0,0,0,0,0,0,0,0,0,0,0,0
2646,0,0,0,0,0,0,0,0,0,0,0,0,0,0,0
2647,0,1.31295010975151,1.31295010975151,0,1.31295010975151,1.31295010975151,0,0,0,0,0,0,0,0,0
2662,0,0,0,0,0,0,0,0,0,0,0,0,0,0,0
2664,0,1.52390805644007,1.52390805644007,0,1.52390805644007,1.52390805644007,0,0,0,0,0,0,0,0,0
