"","ID1","ID2","lat","long","el","MAT","MWMT","MCMT","TD","MAP","MSP","AHM","SHM","DD_0","DD5","DD_18","DD18","NFFD","bFFP","eFFP","FFP","PAS","EMT","EXT","Eref","CMD","MAR","RH","CMI","DD1040","Tmax_wt","Tmax_sp","Tmax_sm","Tmax_at","Tmin_wt","Tmin_sp","Tmin_sm","Tmin_at","Tave_wt","Tave_sp","Tave_sm","Tave_at","PPT_wt","PPT_sp","PPT_sm","PPT_at","Rad_wt","Rad_sp","Rad_sm","Rad_at","DD_0_wt","DD_0_sp","DD_0_sm","DD_0_at","DD5_wt","DD5_sp","DD5_sm","DD5_at","DD_18_wt","DD_18_sp","DD_18_sm","DD_18_at","DD18_wt","DD18_sp","DD18_sm","DD18_at","NFFD_wt","NFFD_sp","NFFD_sm","NFFD_at","PAS_wt","PAS_sp","PAS_sm","PAS_at","Eref_wt","Eref_sp","Eref_sm","Eref_at","CMD_wt","CMD_sp","CMD_sm","CMD_at","RH_wt","RH_sp","RH_sm","RH_at","CMI_wt","CMI_sp","CMI_sm","CMI_at"
"1","814","2010",52.27596,-123.3945,1150,2.8,15,-9.5,24.5,350,164,36.6,91.7,1028,1076,5537,23,133,178,247,68,143,-43.9,33.7,572,351,-9999,55,-13.8,405,-0.4,9.8,20.6,9.2,-12.5,-3.9,6,-3.5,-6.5,2.9,13.3,2.8,92,67,134,63,-9999,15,20.3,7.7,734,118,0,176,1,114,765,196,2325,1389,440,1384,0,2,17,4,1,19,87,25,78,27,2,37,0,147,331,94,0,99,197,55,52,53,56,57,8.56,-2.16,-15.25,-4.95
"2","1099","2010",52.00309,-123.6444,1089,3.2,14.5,-8.8,23.4,318,133,41.3,109,949,1086,5411,21,135,178,248,70,135,-42.7,34,587,393,-9999,55,-18.76,401,-0.1,10.2,20.8,9.8,-11.3,-3.7,5.5,-2.9,-5.7,3.2,13.1,3.4,84,69,108,60,-9999,14.9,20.2,7,686,111,0,151,1,124,749,211,2263,1362,455,1331,0,2,15,4,1,20,86,27,68,27,1,39,0,152,338,97,0,105,230,59,55,53,54,57,7.98,-2.5,-18.35,-5.89
"3","1207","2010",52.02818,-123.5554,1049,3.3,14.9,-8.9,23.8,326,137,40.9,108.6,936,1130,5341,25,137,177,248,72,134,-42.7,34.3,596,398,-9999,55,-19.45,430,-0.1,10.5,21.2,10,-11.3,-3.4,5.7,-2.9,-5.7,3.5,13.4,3.5,86,71,112,61,-9999,14.8,20.4,7.2,685,103,0,148,1,135,776,218,2262,1334,428,1317,0,3,17,5,1,21,87,28,70,26,1,37,0,155,343,98,0,107,231,59,55,53,53,57,8.18,-2.93,-18.67,-6.03
"4","1209","2010",52.02754,-123.5262,1043,3.4,15,-8.8,23.7,332,139,40.5,107.7,924,1143,5311,26,139,175,249,74,134,-42.4,34.4,597,395,-9999,55,-19.07,439,-0.1,10.6,21.2,10,-11.2,-3.3,5.8,-2.8,-5.6,3.6,13.5,3.6,87,72,113,62,-9999,15,20.4,7.4,677,101,0,146,1,138,783,221,2252,1326,422,1311,0,3,18,5,1,22,87,28,70,25,1,38,0,156,343,98,0,106,230,59,55,53,54,57,8.3,-2.87,-18.52,-5.98
"5","1247","2010",52.03594,-123.4966,1048,3.4,15,-8.8,23.8,333,141,40.3,106.4,925,1142,5313,26,139,175,249,74,133,-42.5,34.4,596,393,-9999,55,-18.86,439,-0.1,10.5,21.2,10,-11.2,-3.3,5.8,-2.8,-5.6,3.6,13.5,3.6,87,72,115,62,-9999,15.2,20.6,8,679,100,0,147,1,138,783,220,2254,1325,422,1313,0,3,18,5,1,22,87,28,70,25,1,37,0,156,343,98,0,106,227,59,55,54,54,57,8.31,-2.91,-18.3,-5.97
"6","1362","2010",52.0619,-123.4661,976,3.8,15.5,-8.7,24.3,312,138,44.1,112.6,901,1230,5195,33,144,172,251,79,116,-42.1,34.9,610,413,-9999,55,-23.2,500,-0.1,11.1,21.8,10.4,-11.1,-2.9,6.3,-2.6,-5.6,4.1,14.1,3.9,80,64,114,57,-9999,15,20.3,7.3,672,90,0,139,2,157,837,234,2246,1283,378,1288,0,3,24,6,1,25,88,29,64,20,1,32,0,160,350,100,0,115,237,61,56,53,54,57,7.58,-4.51,-19.41,-6.85
"7","1430","2010",52.11433,-123.3897,892,4.3,16.4,-8.4,24.8,302,139,47.4,117.7,864,1358,5016,46,151,166,254,88,101,-41.3,35.7,629,433,-9999,56,-27.55,592,-0.1,11.9,22.7,10.7,-10.6,-2.3,7,-2.1,-5.4,4.8,14.9,4.3,76,59,116,55,-9999,14.5,20.1,7.2,658,77,0,129,2,189,914,253,2228,1221,312,1255,0,4,36,7,1,29,89,32,59,14,1,27,0,166,361,102,0,124,245,63,58,53,53,57,7.08,-6.37,-20.69,-7.58
"8","1438","2010",52.14345,-123.4903,1066,3.2,15.1,-8.9,24,319,148,41.6,101.6,961,1135,5380,25,134,179,247,68,122,-43,34.5,599,392,-9999,54,-20.59,436,-0.2,10.4,21.4,9.9,-11.6,-3.7,5.7,-3.2,-5.9,3.4,13.5,3.4,80,63,120,61,-9999,15.3,20.3,8,697,110,0,155,1,131,791,212,2276,1348,419,1337,0,3,18,4,1,20,87,26,65,21,1,35,0,156,346,98,0,109,226,58,54,53,53,56,7.5,-3.63,-18.42,-6.03
"9","1440","2010",52.1412,-123.388,967,3.9,16,-8.7,24.7,315,146,44.1,109.6,904,1278,5158,38,146,170,251,81,111,-42,35.2,614,410,-9999,55,-23.77,537,-0.2,11.2,22.2,10.4,-11,-2.8,6.7,-2.5,-5.6,4.2,14.4,3.9,79,61,120,58,-9999,15,20.3,7.7,675,89,0,140,1,165,873,237,2249,1271,350,1288,0,3,29,6,1,26,89,30,63,17,1,30,0,161,353,100,0,116,233,61,56,53,54,57,7.43,-5.1,-19.27,-6.84
"10","1450","2010",52.15046,-123.402,974,3.8,15.9,-8.7,24.6,313,146,44.1,109,911,1264,5182,37,144,171,250,79,112,-42.2,35.1,613,410,-9999,55,-23.78,528,-0.2,11.2,22.1,10.3,-11.2,-2.9,6.6,-2.6,-5.7,4.1,14.4,3.8,78,61,120,58,-9999,15,20.3,7.9,678,91,0,142,1,161,867,234,2254,1279,356,1293,0,3,28,6,1,25,89,29,62,17,1,31,0,161,353,100,0,116,233,60,56,53,54,57,7.32,-5.05,-19.29,-6.76
"11","1460","2010",52.16077,-123.4599,1043,3.4,15.4,-9,24.4,315,147,42.7,105.1,949,1182,5314,29,137,176,248,72,119,-42.9,34.7,604,401,-9999,54,-22.03,471,-0.2,10.7,21.7,10.1,-11.6,-3.4,6.1,-3.1,-5.9,3.6,13.9,3.5,80,61,120,59,-9999,15,20,7.3,695,102,0,152,1,141,819,220,2274,1324,394,1321,0,3,22,5,1,22,88,27,65,20,1,33,0,157,349,98,0,113,229,59,54,52,53,56,7.45,-4.21,-18.85,-6.42
"12","1460","2010",52.16039,-123.4597,1043,3.4,15.4,-8.9,24.4,315,147,42.7,105.2,949,1182,5313,29,137,176,248,72,119,-42.9,34.7,604,401,-9999,54,-22.05,471,-0.2,10.7,21.7,10.1,-11.6,-3.4,6.1,-3.1,-5.9,3.6,13.9,3.5,80,61,119,59,-9999,15,20,7.3,695,102,0,152,1,141,819,220,2274,1324,394,1321,0,3,22,5,1,22,88,27,65,20,1,33,0,157,349,98,0,113,229,59,54,52,53,56,7.45,-4.21,-18.86,-6.43
"13","1460","2010",52.16077,-123.4599,1042,3.4,15.4,-9,24.4,315,147,42.7,105.2,949,1182,5313,29,137,176,248,72,119,-42.9,34.7,604,401,-9999,54,-22.05,472,-0.2,10.7,21.7,10.1,-11.6,-3.4,6.1,-3.1,-5.9,3.6,13.9,3.5,80,61,120,59,-9999,15,20,7.3,695,102,0,152,1,141,819,220,2274,1324,394,1321,0,3,22,5,1,22,88,27,65,20,1,33,0,157,349,98,0,113,229,59,54,52,53,56,7.45,-4.21,-18.86,-6.43
"14","1460","2010",52.16039,-123.4597,1042,3.4,15.4,-8.9,24.4,315,147,42.7,105.2,948,1182,5313,29,137,176,248,72,118,-42.9,34.7,604,401,-9999,54,-22.06,472,-0.2,10.7,21.7,10.1,-11.6,-3.4,6.1,-3.1,-5.9,3.7,13.9,3.5,80,61,119,59,-9999,15,20,7.3,695,102,0,152,1,141,819,220,2274,1324,394,1321,0,3,22,5,1,22,88,27,65,20,1,33,0,157,349,98,0,113,229,59,54,52,53,56,7.45,-4.21,-18.86,-6.44
"15","1461","2010",52.15954,-123.4016,973,3.8,16,-8.7,24.7,318,147,43.6,108.3,909,1264,5180,37,144,171,250,79,113,-42.2,35.1,613,406,-9999,55,-23.31,529,-0.1,11.2,22.1,10.3,-11.2,-2.9,6.7,-2.6,-5.7,4.1,14.4,3.8,79,63,121,58,-9999,15,20,7.1,679,90,0,141,1,161,869,234,2255,1278,355,1293,0,3,28,6,1,25,89,29,63,18,1,31,0,160,353,100,0,114,232,60,56,53,54,57,7.43,-4.8,-19.18,-6.77
"16","1461","2010",52.15921,-123.4012,973,3.8,16,-8.7,24.7,318,147,43.6,108.2,909,1265,5180,37,144,171,250,79,113,-42.2,35.1,613,406,-9999,55,-23.31,529,-0.1,11.2,22.1,10.3,-11.2,-2.9,6.7,-2.6,-5.7,4.1,14.4,3.8,79,63,121,58,-9999,15,20,7,679,90,0,141,1,161,869,234,2255,1278,355,1293,0,3,28,6,1,25,89,29,63,18,1,31,0,160,353,100,0,114,232,60,56,53,54,57,7.43,-4.8,-19.17,-6.77
"17","1461","2010",52.15954,-123.4016,974,3.8,15.9,-8.7,24.7,318,147,43.6,108.2,910,1264,5181,37,144,171,250,79,113,-42.2,35.1,613,406,-9999,55,-23.31,528,-0.1,11.2,22.1,10.3,-11.2,-2.9,6.7,-2.6,-5.7,4.1,14.4,3.8,79,63,121,58,-9999,15,20,7.1,679,90,0,141,1,161,869,234,2255,1278,355,1293,0,3,28,6,1,25,89,29,63,18,1,31,0,160,353,100,0,114,232,60,56,53,54,57,7.43,-4.79,-19.18,-6.76
"18","1461","2010",52.15921,-123.4012,974,3.8,16,-8.7,24.7,318,147,43.5,108.2,910,1264,5180,37,144,171,250,79,113,-42.2,35.1,613,406,-9999,55,-23.3,529,-0.1,11.2,22.1,10.3,-11.2,-2.9,6.7,-2.6,-5.7,4.1,14.4,3.8,79,63,121,58,-9999,15,20,7,679,90,0,141,1,161,869,234,2255,1278,355,1293,0,3,28,6,1,25,89,29,63,18,1,31,0,160,353,100,0,114,232,60,56,53,54,57,7.43,-4.8,-19.17,-6.76
"19","1467","2010",52.16937,-123.4449,996,3.7,15.7,-8.9,24.6,315,147,43.4,106.9,927,1228,5236,34,141,174,249,75,115,-42.6,35,612,407,-9999,54,-23.3,505,-0.1,11.1,22,10.3,-11.4,-3.2,6.3,-2.8,-5.8,3.9,14.2,3.7,80,61,120,59,-9999,15.2,20.3,8,688,94,0,145,1,152,845,229,2265,1296,372,1303,0,3,25,5,1,23,88,28,64,18,1,32,0,159,353,100,0,115,233,60,55,52,53,56,7.42,-4.71,-19.29,-6.73
"20","1467","2010",52.16906,-123.4445,996,3.7,15.7,-8.9,24.6,315,147,43.4,106.9,927,1228,5236,34,141,174,249,75,115,-42.6,35,612,407,-9999,54,-23.31,505,-0.1,11.1,22,10.3,-11.4,-3.2,6.3,-2.8,-5.8,3.9,14.2,3.7,80,61,120,58,-9999,15.2,20.3,8,687,94,0,145,1,152,845,229,2265,1296,371,1303,0,3,25,5,1,23,88,28,64,18,1,32,0,159,353,100,0,115,233,60,55,52,53,56,7.42,-4.71,-19.29,-6.73
"21","1467","2010",52.16937,-123.4449,992,3.7,15.8,-8.8,24.6,315,147,43.5,107.1,925,1232,5229,34,141,174,249,76,115,-42.5,35,612,408,-9999,54,-23.41,507,-0.1,11.1,22,10.3,-11.4,-3.1,6.3,-2.8,-5.8,4,14.2,3.7,80,61,120,58,-9999,15.2,20.3,8,687,94,0,144,1,153,847,230,2264,1294,370,1301,0,3,26,5,1,23,88,28,64,18,1,32,0,160,353,100,0,115,233,60,55,52,53,56,7.42,-4.75,-19.32,-6.75
"22","1467","2010",52.16906,-123.4445,992,3.7,15.8,-8.8,24.6,315,147,43.5,107.1,925,1232,5229,34,141,174,249,76,115,-42.5,35,612,408,-9999,54,-23.42,508,-0.1,11.1,22,10.3,-11.4,-3.1,6.3,-2.8,-5.8,4,14.2,3.7,80,61,120,58,-9999,15.2,20.3,8,687,94,0,144,1,153,847,230,2264,1294,370,1301,0,3,26,5,1,23,88,28,64,18,1,32,0,160,353,100,0,115,233,60,55,52,53,56,7.42,-4.75,-19.33,-6.75
"23","1478","2010",52.19496,-123.3847,1061,3.4,15.5,-9,24.5,332,155,40.3,99.6,956,1174,5334,29,138,176,248,72,125,-43,34.5,594,381,-9999,55,-18.96,468,-0.2,10.5,21.4,9.9,-11.8,-3.4,6.3,-3,-6,3.6,13.9,3.4,84,64,127,61,-9999,15,20.3,7.7,700,102,0,154,1,137,819,216,2281,1330,395,1328,0,3,22,5,1,22,88,27,69,21,1,34,0,155,343,97,0,107,216,58,54,53,55,56,7.96,-3.62,-17.4,-5.9
"24","1482","2010",52.20458,-123.4134,1057,3.4,15.5,-9,24.5,330,154,40.6,100.7,957,1171,5339,29,137,176,247,71,125,-43.1,34.5,596,384,-9999,54,-19.4,467,-0.2,10.6,21.5,9.9,-11.8,-3.4,6.3,-3.1,-6,3.6,13.9,3.4,84,64,125,61,-9999,15,20.2,7.7,702,101,0,154,1,136,819,215,2283,1331,395,1330,0,3,22,5,1,21,88,27,69,21,1,33,0,155,344,97,0,108,218,58,53,53,54,56,7.91,-3.67,-17.63,-6.02
"25","1487","2010",52.20461,-123.4135,1057,3.4,15.5,-9,24.5,330,154,40.6,100.7,957,1171,5339,29,137,176,247,71,125,-43.1,34.5,596,384,-9999,54,-19.4,467,-0.2,10.6,21.5,9.9,-11.8,-3.4,6.3,-3.1,-6,3.6,13.9,3.4,84,64,125,61,-9999,15,20.2,7.7,702,101,0,154,1,136,819,215,2283,1331,395,1330,0,3,22,5,1,21,88,27,69,21,1,33,0,155,344,97,0,108,218,58,53,53,54,56,7.91,-3.67,-17.63,-6.02
"26","1507","2010",52.21423,-123.4422,1041,3.4,15.5,-9.1,24.6,325,151,41.2,102.7,958,1182,5327,30,138,175,248,73,123,-43.2,34.6,600,390,-9999,54,-20.54,473,-0.2,10.7,21.6,10,-11.9,-3.4,6.2,-3.1,-6,3.7,13.9,3.5,83,64,123,60,-9999,15,20,7.3,704,100,0,154,1,140,823,218,2286,1324,392,1326,0,3,22,5,1,22,88,27,69,20,1,33,0,156,347,98,0,109,223,59,53,53,54,56,7.77,-3.84,-18.25,-6.21
"27","1508","2010",52.2126,-123.3689,1088,3.2,15.3,-9.1,24.5,338,158,39.2,97.1,971,1149,5385,28,137,177,248,71,129,-43.4,34.2,587,372,-9999,55,-17.37,452,-0.2,10.3,21.2,9.7,-12,-3.5,6.3,-3.1,-6.1,3.4,13.7,3.3,87,64,129,62,-9999,15,20.3,7.9,709,105,0,157,1,130,807,210,2292,1345,405,1342,0,2,21,4,1,21,88,27,72,22,1,34,0,153,339,96,0,105,210,57,53,53,55,57,8.16,-3.26,-16.66,-5.61
"28","1526","2010",52.22155,-123.3685,1096,3.2,15.3,-9.2,24.5,341,159,38.7,95.9,980,1140,5406,27,137,177,248,71,131,-43.5,34.1,585,366,-9999,55,-16.65,445,-0.3,10.2,21.1,9.7,-12.1,-3.5,6.3,-3.1,-6.2,3.3,13.7,3.3,87,66,130,62,-9999,15,20.3,7.8,715,107,0,158,1,128,802,209,2299,1351,410,1345,0,2,20,4,1,21,88,27,72,23,1,34,0,152,337,96,0,103,207,57,53,53,55,57,8.18,-2.92,-16.37,-5.54
"29","1535","2010",52.23284,-123.4705,1061,3.2,15.3,-9.3,24.6,328,153,40.4,100.6,978,1156,5381,28,136,176,248,71,128,-43.5,34.5,598,387,-9999,54,-19.84,454,-0.2,10.5,21.5,9.9,-12.1,-3.6,5.9,-3.2,-6.2,3.5,13.7,3.3,85,64,124,60,-9999,15,20,7.5,715,105,0,158,1,133,807,215,2300,1341,406,1335,0,3,20,5,1,21,87,26,71,22,1,35,0,154,346,97,0,107,222,58,53,53,53,56,7.88,-3.5,-18.13,-6.1
"30","1538","2010",52.2318,-123.4265,1070,3.2,15.3,-9.2,24.5,333,155,39.7,99,977,1150,5387,27,136,176,248,72,130,-43.5,34.3,591,378,-9999,54,-18.28,451,-0.2,10.4,21.3,9.7,-12.1,-3.5,6.1,-3.2,-6.2,3.4,13.7,3.3,86,65,127,62,-9999,15,20.3,8,713,104,0,160,1,131,805,212,2297,1342,407,1341,0,3,20,4,1,21,88,27,71,22,1,35,0,153,342,96,0,105,215,57,53,53,54,56,8.04,-3.28,-17.32,-5.71
"31","1539","2010",52.2308,-123.3826,1096,3.2,15.3,-9.3,24.5,340,159,38.7,95.9,984,1135,5417,26,136,177,248,71,132,-43.6,34.1,584,367,-9999,55,-16.62,442,-0.3,10.2,21.1,9.6,-12.2,-3.6,6.2,-3.2,-6.2,3.3,13.6,3.2,88,65,130,62,-9999,15,20.3,7.7,717,107,0,160,1,127,798,209,2302,1353,413,1348,0,2,20,4,1,21,88,27,73,23,1,35,0,151,337,95,0,103,207,57,53,53,55,57,8.25,-2.98,-16.38,-5.51
"32","1540","2010",52.23014,-123.3532,1109,3.1,15.3,-9.3,24.5,347,162,37.7,94,992,1129,5434,26,136,177,247,70,135,-43.6,34,581,359,-9999,55,-15.44,439,-0.4,10.1,21,9.6,-12.2,-3.6,6.3,-3.2,-6.3,3.3,13.6,3.2,89,68,133,62,-9999,15,20.3,7.7,721,109,0,161,1,125,797,206,2308,1359,415,1352,0,2,20,4,1,21,88,26,75,24,1,35,0,151,335,95,0,100,202,56,53,53,56,57,8.42,-2.6,-15.86,-5.41
"33","1554","2010",52.25035,-123.4546,1092,3.1,15.3,-9.4,24.6,335,156,39.1,97.7,997,1132,5437,26,135,177,247,70,133,-43.8,34.3,590,375,-9999,54,-17.86,439,-0.3,10.3,21.2,9.6,-12.3,-3.7,5.9,-3.3,-6.3,3.3,13.6,3.2,87,65,128,61,-9999,15,20.3,7.8,723,109,0,165,1,127,795,208,2310,1356,416,1355,0,2,19,4,1,20,87,26,73,24,1,35,0,152,342,96,0,104,214,57,52,53,54,56,8.09,-3.05,-17.22,-5.68
"34","1557","2010",52.2505,-123.395,1110,3,15.2,-9.4,24.6,342,160,38,95,1005,1119,5463,25,135,177,247,70,136,-43.7,34,581,363,-9999,55,-15.85,432,-0.4,10.1,21,9.5,-12.3,-3.7,6.1,-3.3,-6.4,3.2,13.5,3.1,90,66,131,62,-9999,15,20.3,7.7,729,111,0,165,1,122,791,204,2318,1366,420,1360,0,2,19,4,1,20,88,26,76,24,1,35,0,150,336,95,0,102,205,56,52,53,55,57,8.39,-2.73,-16.11,-5.4
"35","1558","2010",52.25071,-123.3803,1116,3,15.2,-9.4,24.6,345,162,37.7,93.9,1009,1114,5473,25,135,177,248,71,137,-43.7,33.9,579,360,-9999,55,-15.39,428,-0.4,10,20.9,9.4,-12.4,-3.7,6.1,-3.3,-6.4,3.2,13.5,3.1,90,66,133,62,-9999,15,20.3,7.7,729,112,0,167,1,122,787,204,2318,1368,423,1363,0,2,19,4,1,20,88,26,76,24,1,35,0,150,335,95,0,102,202,56,52,53,55,57,8.44,-2.67,-15.85,-5.3
"36","1559","2010",52.24837,-123.3668,1114,3,15.2,-9.4,24.6,349,163,37.3,93.2,1006,1115,5468,25,135,177,248,70,138,-43.6,33.9,578,356,-9999,55,-14.85,429,-0.4,10,20.9,9.4,-12.3,-3.7,6.2,-3.3,-6.4,3.2,13.5,3.1,91,68,134,62,-9999,15,20.3,7.7,728,112,0,166,1,121,789,204,2317,1368,422,1361,0,2,19,4,1,20,88,26,77,25,1,35,0,150,334,95,0,99,201,56,53,54,56,57,8.53,-2.42,-15.66,-5.31
"37","1560","2010",52.24842,-123.353,1118,3,15.2,-9.3,24.5,350,163,37.2,93.1,1005,1116,5466,25,135,178,247,69,138,-43.6,33.9,577,354,-9999,55,-14.61,432,-0.4,10,20.9,9.4,-12.3,-3.7,6.3,-3.3,-6.4,3.1,13.6,3.1,91,68,134,62,-9999,15,20.3,7.7,726,112,0,166,1,121,792,203,2314,1370,419,1364,0,2,19,4,1,20,88,26,77,25,1,35,0,149,333,95,0,99,199,56,53,54,56,57,8.56,-2.37,-15.5,-5.3
"38","1567","2010",52.25868,-123.4249,1103,3,15.2,-9.4,24.7,342,160,38.1,95.5,1009,1121,5465,26,134,177,247,70,137,-43.9,34.1,583,366,-9999,54,-16.24,434,-0.4,10.1,21,9.5,-12.4,-3.7,6.1,-3.4,-6.4,3.2,13.6,3,90,66,131,62,-9999,15,20.3,7.7,728,111,0,170,1,123,793,204,2316,1364,418,1367,0,2,19,4,1,20,88,26,76,24,1,36,0,151,337,95,0,102,207,56,52,53,55,56,8.37,-2.79,-16.39,-5.43
"39","1569","2010",52.25895,-123.3929,1126,2.9,15.1,-9.4,24.6,346,162,37.4,93.2,1015,1104,5491,24,134,177,247,69,138,-43.9,33.9,578,358,-9999,55,-15.01,422,-0.4,9.9,20.8,9.4,-12.4,-3.8,6.1,-3.4,-6.4,3.1,13.5,3,91,66,133,63,-9999,15,20.3,7.7,732,114,0,169,1,119,782,201,2321,1374,427,1369,0,2,18,4,1,20,88,26,77,25,1,36,0,149,334,94,0,101,201,56,52,53,55,57,8.47,-2.56,-15.73,-5.2
"40","1571","2010",52.2574,-123.3663,1133,2.9,15.1,-9.4,24.5,351,163,36.8,92.3,1014,1098,5497,24,134,178,248,70,140,-43.7,33.8,575,352,-9999,55,-14.12,418,-0.4,9.9,20.7,9.3,-12.3,-3.8,6.1,-3.4,-6.4,3.1,13.4,3,91,68,134,63,-9999,15,20.3,7.7,728,115,0,170,1,117,779,200,2317,1378,430,1372,0,2,18,4,1,20,88,26,77,26,1,36,0,148,332,94,0,98,198,55,52,54,56,57,8.57,-2.2,-15.41,-5.08
"41","1573","2010",52.25623,-123.2764,1177,2.8,14.9,-9.4,24.3,363,171,35.1,87.3,1029,1062,5555,22,133,179,246,68,146,-43.8,33.4,565,335,-9999,55,-11.44,398,-0.5,9.5,20.4,9,-12.4,-3.8,6.1,-3.6,-6.5,2.8,13.2,2.7,95,69,140,64,-9999,15,20.3,7.9,732,119,0,177,1,110,759,191,2321,1397,445,1392,0,2,16,4,1,19,88,25,80,28,2,36,0,146,326,93,0,95,186,54,53,54,57,57,9,-1.71,-14.03,-4.7
"42","1577","2010",52.26608,-123.3904,1129,2.9,15.1,-9.5,24.5,347,162,37.2,92.8,1019,1099,5503,24,134,178,247,70,140,-43.9,33.9,576,356,-9999,55,-14.71,418,-0.4,9.9,20.8,9.3,-12.4,-3.8,6,-3.4,-6.4,3.1,13.4,3,91,65,133,63,-9999,15,20.3,7.7,733,115,0,171,1,118,779,201,2322,1378,430,1373,0,2,18,4,1,20,87,26,77,25,1,36,0,149,334,94,0,100,200,56,52,53,55,57,8.55,-2.5,-15.63,-5.13
"43","1578","2010",52.26704,-123.379,1138,2.9,15.1,-9.4,24.5,350,164,36.8,92,1021,1093,5512,23,134,178,247,70,140,-43.8,33.8,575,353,-9999,55,-14.24,413,-0.4,9.9,20.7,9.3,-12.4,-3.8,6,-3.4,-6.4,3,13.4,2.9,91,66,135,63,-9999,15,20.3,7.7,732,116,0,173,1,117,775,199,2322,1380,433,1377,0,2,17,4,1,20,87,26,77,25,1,36,0,148,333,94,0,99,198,55,52,54,55,57,8.56,-2.35,-15.4,-5.05
"44","1579","2010",52.26632,-123.3656,1142,2.9,15.1,-9.4,24.5,352,165,36.6,91.5,1019,1092,5511,23,134,177,247,70,141,-43.8,33.7,573,349,-9999,55,-13.73,413,-0.4,9.8,20.7,9.2,-12.4,-3.8,6.1,-3.4,-6.4,3,13.4,2.9,91,68,135,63,-9999,15,20.3,7.7,730,116,0,173,1,117,776,198,2318,1382,432,1377,0,2,17,4,1,20,88,26,77,26,1,36,0,148,331,94,0,97,196,55,52,54,56,57,8.57,-2.12,-15.18,-5
"45","1580","2010",52.26818,-123.2961,1174,2.8,14.9,-9.5,24.4,363,170,35.1,87.6,1032,1063,5558,22,132,179,246,67,147,-43.8,33.5,566,336,-9999,55,-11.53,399,-0.5,9.5,20.4,9,-12.4,-3.9,6.1,-3.6,-6.5,2.8,13.3,2.7,95,69,140,64,-9999,15.3,20.3,8,734,120,0,179,1,110,761,191,2324,1398,444,1393,0,2,16,4,1,19,88,25,81,28,2,36,0,146,327,93,0,95,187,54,53,54,56,57,9.04,-1.71,-14.15,-4.71
"46","1581","2010",52.27663,-123.4238,1113,2.9,15.1,-9.5,24.7,346,161,37.4,93.9,1020,1106,5496,24,134,177,247,70,141,-44,34,580,360,-9999,54,-15.26,423,-0.4,10,20.9,9.4,-12.5,-3.8,6,-3.5,-6.5,3.1,13.5,3,91,66,132,63,-9999,15,20.3,7.7,734,113,0,172,1,120,784,201,2324,1373,426,1373,0,2,18,4,1,20,87,25,77,25,1,37,0,150,335,95,0,101,203,56,52,53,55,56,8.47,-2.57,-15.94,-5.21
"47","1583","2010",52.27775,-123.3941,1145,2.8,15,-9.5,24.5,351,164,36.6,91.7,1028,1083,5534,23,133,178,247,68,143,-44,33.7,573,351,-9999,55,-13.82,407,-0.4,9.8,20.7,9.2,-12.5,-3.9,6,-3.5,-6.5,3,13.3,2.8,92,67,134,63,-9999,15,20.3,7.7,735,117,0,175,1,114,771,196,2325,1388,438,1383,0,2,17,4,1,19,87,25,78,27,2,37,0,148,331,94,0,99,197,55,52,53,56,56,8.59,-2.17,-15.27,-4.97
"48","1584","2010",52.27534,-123.3652,1147,2.9,15,-9.4,24.4,356,166,36.1,90.6,1022,1086,5522,23,134,177,247,70,144,-43.8,33.7,571,346,-9999,55,-13.16,409,-0.4,9.8,20.6,9.2,-12.4,-3.8,6,-3.4,-6.4,3,13.3,2.9,93,69,136,63,-9999,15,20.3,7.7,730,117,0,175,1,115,772,198,2319,1386,436,1381,0,2,17,4,1,20,87,26,79,27,2,36,0,147,331,93,0,97,195,55,52,54,56,57,8.73,-1.95,-15,-4.95
"49","1587","2010",52.27357,-123.2918,1176,2.7,14.9,-9.5,24.3,366,172,34.8,86.7,1035,1059,5567,22,132,179,246,67,148,-43.9,33.4,564,334,-9999,55,-11.11,396,-0.6,9.5,20.4,9,-12.4,-3.9,6.1,-3.6,-6.5,2.8,13.2,2.7,96,69,141,64,-9999,15.3,20.3,8,735,121,0,179,1,109,758,191,2325,1400,446,1395,0,2,16,4,1,19,88,25,82,28,2,36,0,146,326,93,0,95,185,54,52,54,57,57,9.13,-1.63,-13.92,-4.69
"50","1591","2010",52.28997,-123.4484,1108,2.9,15.1,-9.5,24.7,344,160,37.5,94.3,1020,1104,5498,24,133,178,247,69,140,-44.1,34,581,363,-9999,54,-15.64,421,-0.4,10,21,9.4,-12.5,-3.8,5.9,-3.5,-6.4,3.1,13.4,2.9,91,65,132,63,-9999,15,20.3,7.7,733,114,0,173,1,120,782,202,2323,1375,427,1374,0,2,18,4,1,20,87,25,77,25,1,37,0,150,337,95,0,102,205,56,52,53,55,56,8.41,-2.62,-16.18,-5.26
"51","1592","2010",52.28577,-123.4228,1121,2.9,15.1,-9.6,24.6,347,161,37.1,93.5,1025,1097,5513,24,133,177,247,69,142,-44.1,33.9,578,359,-9999,54,-14.87,416,-0.5,9.9,20.8,9.3,-12.5,-3.8,6,-3.5,-6.5,3.1,13.4,2.9,92,66,133,63,-9999,15,20.3,7.7,737,115,0,174,1,118,778,200,2328,1378,430,1377,0,2,18,4,1,20,87,25,78,26,1,37,0,149,334,94,0,101,202,56,52,53,55,56,8.53,-2.42,-15.82,-5.15
"52","1594","2010",52.2836,-123.3353,1157,2.8,15,-9.4,24.4,359,168,35.7,88.8,1028,1071,5541,23,133,179,247,68,144,-43.9,33.6,568,340,-9999,55,-12.29,403,-0.5,9.6,20.5,9.1,-12.4,-3.8,6.1,-3.5,-6.4,2.9,13.3,2.8,93,69,139,63,-9999,15,20.3,7.7,731,119,0,177,1,112,763,195,2321,1393,439,1387,0,2,17,4,1,19,88,25,79,28,2,36,0,147,328,93,0,96,190,55,52,54,56,57,8.76,-1.8,-14.43,-4.83
"53","1596","2010",52.28198,-123.2987,1176,2.7,14.9,-9.5,24.3,365,170,34.8,87.2,1038,1057,5573,22,132,179,246,67,149,-43.9,33.4,565,335,-9999,55,-11.22,395,-0.6,9.5,20.4,9,-12.5,-3.9,6.1,-3.6,-6.5,2.8,13.2,2.7,96,69,140,65,-9999,15.3,20.3,8,737,121,0,180,1,109,757,190,2327,1402,448,1396,0,2,16,4,1,19,88,25,82,29,2,36,0,145,326,93,0,95,186,54,52,54,56,57,9.13,-1.64,-14.08,-4.62
"54","1598","2010",52.28226,-123.2765,1194,2.6,14.7,-9.5,24.3,372,173,34,85.1,1043,1041,5599,20,131,180,246,66,151,-44,33.3,560,326,-9999,55,-9.95,385,-0.6,9.4,20.2,8.9,-12.5,-4,6,-3.7,-6.5,2.7,13.1,2.6,97,71,143,65,-9999,15.3,20.3,8,738,123,0,182,1,106,747,187,2329,1410,457,1403,0,2,15,3,1,19,87,24,83,30,2,37,0,144,324,92,0,91,181,54,52,54,57,57,9.23,-1.23,-13.48,-4.47
"55","1601","2010",52.28114,-123.2325,1230,2.5,14.6,-9.5,24.1,381,177,32.9,82.4,1049,1015,5638,19,130,180,245,65,158,-44.2,33.1,554,317,-9999,55,-8.21,369,-0.5,9.2,20,8.8,-12.6,-4.1,5.9,-3.8,-6.5,2.6,12.9,2.5,101,72,146,66,-9999,15,20.3,7.3,737,127,0,185,1,101,732,181,2328,1424,473,1413,0,2,14,3,1,18,87,24,86,32,2,38,0,143,320,91,0,90,175,53,52,54,57,57,9.64,-0.88,-12.8,-4.16
"56","1604","2010",52.29522,-123.4521,1109,2.9,15.1,-9.5,24.7,344,160,37.5,94.3,1022,1102,5502,24,133,178,247,69,141,-44.1,34,581,363,-9999,54,-15.56,420,-0.4,10,20.9,9.4,-12.5,-3.8,5.9,-3.5,-6.4,3.1,13.4,2.9,91,66,132,63,-9999,15,20.3,7.7,733,115,0,174,1,119,781,201,2324,1376,428,1375,0,2,18,4,1,20,87,25,77,25,1,37,0,150,337,95,0,102,205,56,52,53,55,56,8.44,-2.57,-16.17,-5.25
"57","1605","2010",52.29262,-123.3346,1168,2.7,14.9,-9.5,24.3,363,169,35.1,87.9,1031,1060,5560,22,132,179,247,68,148,-44,33.5,566,337,-9999,55,-11.57,396,-0.5,9.5,20.4,9,-12.4,-3.9,6,-3.5,-6.4,2.8,13.2,2.8,96,69,139,64,-9999,15,20.3,7.7,732,121,0,177,1,110,757,192,2322,1400,448,1390,0,2,16,4,1,19,87,25,81,28,2,36,0,146,327,93,0,95,188,55,52,54,56,57,9.02,-1.68,-14.23,-4.67
"58","1606","2010",52.29215,-123.3201,1187,2.7,14.8,-9.5,24.3,365,171,34.7,86.5,1040,1045,5590,21,131,180,246,66,149,-44,33.4,562,332,-9999,55,-10.88,388,-0.6,9.4,20.3,9,-12.5,-4,6,-3.6,-6.5,2.7,13.1,2.7,96,69,141,65,-9999,15,20.3,7.7,736,123,0,181,1,106,750,188,2328,1408,455,1400,0,2,15,3,1,19,87,24,82,29,2,37,0,145,325,92,0,94,184,54,52,54,56,57,9.05,-1.52,-13.88,-4.53
"59","1607","2010",52.29187,-123.3054,1202,2.6,14.7,-9.6,24.3,368,172,34.3,85.7,1044,1036,5607,20,131,180,245,65,151,-44,33.2,560,329,-9999,55,-10.29,382,-0.6,9.3,20.2,8.9,-12.5,-4,6,-3.7,-6.5,2.7,13.1,2.6,97,69,142,65,-9999,15.1,20.3,7.8,738,124,0,182,1,104,746,185,2329,1414,459,1405,0,2,15,3,1,18,87,24,83,30,2,37,0,144,324,92,0,93,182,54,52,54,57,57,9.18,-1.41,-13.61,-4.45
"60","1608","2010",52.29631,-123.2806,1210,2.6,14.6,-9.6,24.2,375,174,33.5,83.9,1050,1024,5628,19,130,180,245,65,156,-44.1,33.2,557,322,-9999,55,-9.13,374,-0.6,9.2,20.1,8.8,-12.5,-4.1,5.9,-3.7,-6.6,2.6,13,2.5,99,72,144,66,-9999,15.3,20.7,8,739,126,0,184,1,102,738,183,2331,1420,467,1410,0,2,14,3,1,18,87,24,85,31,2,38,0,143,322,92,0,90,179,54,52,54,57,57,9.4,-0.99,-13.23,-4.31
"61","1609","2010",52.29253,-123.2816,1214,2.6,14.6,-9.6,24.2,374,174,33.5,84,1050,1023,5629,19,130,180,245,65,155,-44.1,33.2,557,322,-9999,55,-9.19,374,-0.5,9.2,20.1,8.8,-12.6,-4.1,5.9,-3.8,-6.5,2.6,13,2.5,99,72,144,66,-9999,15.3,20.7,8,739,126,0,185,1,102,737,183,2330,1420,468,1411,0,2,14,3,1,18,87,24,84,31,2,38,0,143,322,91,0,90,178,53,52,54,57,57,9.35,-1.04,-13.21,-4.3
"62","1617","2010",52.30032,-123.4351,1134,2.8,15,-9.6,24.6,348,162,36.8,92.7,1032,1077,5540,23,132,178,247,69,144,-44.2,33.8,575,356,-9999,54,-14.47,405,-0.5,9.8,20.7,9.2,-12.6,-3.9,5.9,-3.6,-6.5,3,13.3,2.8,92,66,133,63,-9999,15,20.3,7.7,739,117,0,176,1,115,764,197,2331,1386,440,1383,0,2,17,4,1,19,87,25,78,27,2,37,0,148,333,94,0,100,200,56,52,53,55,56,8.52,-2.26,-15.65,-5.08
"63","1619","2010",52.30321,-123.3075,1179,2.7,14.8,-9.5,24.3,369,173,34.3,85.7,1041,1046,5590,21,131,179,246,66,151,-44,33.4,563,331,-9999,55,-10.57,388,-0.6,9.4,20.3,9,-12.4,-3.9,6,-3.6,-6.5,2.7,13.1,2.7,98,69,142,65,-9999,15,20.3,7.6,737,123,0,181,1,107,750,188,2328,1407,455,1399,0,2,15,4,1,19,87,24,83,29,2,37,0,145,326,92,0,94,183,54,52,54,56,57,9.21,-1.52,-13.76,-4.5
"64","1620","2010",52.30058,-123.29,1203,2.6,14.6,-9.6,24.2,375,174,33.6,84.3,1048,1028,5621,20,130,180,245,65,156,-44.1,33.2,558,324,-9999,55,-9.33,377,-0.6,9.3,20.1,8.9,-12.5,-4,5.9,-3.7,-6.5,2.6,13,2.6,99,72,143,66,-9999,15.3,20.4,8,739,126,0,183,1,103,740,184,2330,1418,465,1407,0,2,14,3,1,18,87,24,85,31,2,38,0,144,323,92,0,91,179,54,52,54,57,57,9.37,-1.01,-13.33,-4.36
"65","1623","2010",52.29966,-123.2472,1250,2.4,14.4,-9.5,23.9,384,178,32.4,80.9,1054,994,5669,18,128,181,245,64,160,-44.3,32.9,550,312,-9999,55,-7.42,356,-0.4,9,19.8,8.8,-12.7,-4.2,5.8,-3.9,-6.5,2.4,12.8,2.4,101,72,147,68,-9999,15.3,20.3,8,737,130,0,186,1,97,719,177,2328,1435,486,1420,0,2,13,3,1,17,87,23,87,33,2,39,0,141,318,91,0,88,171,52,51,54,57,56,9.64,-0.68,-12.45,-3.93
"66","1624","2010",52.29883,-123.2015,1253,2.4,14.4,-9.6,24,392,181,31.7,79.8,1058,993,5676,18,128,181,245,63,165,-44.3,32.9,550,307,-9999,55,-6.48,355,-0.5,9,19.8,8.7,-12.7,-4.2,5.8,-3.9,-6.6,2.4,12.8,2.4,104,76,149,68,-9999,15,20.3,7.3,739,131,0,188,1,96,719,177,2330,1437,487,1423,0,2,13,3,1,17,87,23,89,35,2,39,0,141,318,90,0,86,169,52,51,54,57,57,9.93,-0.35,-12.19,-3.87
"67","1628","2010",52.31282,-123.4363,1147,2.7,14.9,-9.6,24.5,354,164,36,91.2,1038,1067,5560,22,132,178,247,68,147,-44.3,33.7,572,349,-9999,54,-13.42,399,-0.5,9.7,20.6,9.2,-12.6,-3.9,5.8,-3.6,-6.5,2.9,13.2,2.8,94,68,135,64,-9999,15,20.3,7.7,740,119,0,178,1,112,758,195,2333,1394,446,1387,0,2,16,4,1,19,87,25,80,28,2,37,0,147,332,94,0,97,197,56,52,53,55,56,8.66,-1.92,-15.26,-4.9
"68","1630","2010",52.31012,-123.3189,1205,2.6,14.7,-9.6,24.2,369,173,34.1,84.8,1048,1025,5624,20,130,180,245,65,153,-44.1,33.2,559,327,-9999,55,-9.98,375,-0.6,9.3,20.1,8.9,-12.5,-4.1,5.9,-3.7,-6.5,2.6,13,2.6,98,69,142,65,-9999,15,20.3,7.4,739,126,0,183,1,102,738,184,2331,1419,467,1407,0,2,14,3,1,18,87,24,83,30,2,38,0,144,323,92,0,93,181,54,52,54,56,57,9.2,-1.3,-13.51,-4.37
"69","1644","2010",52.31889,-123.3506,1163,2.7,14.8,-9.5,24.3,365,170,34.8,86.8,1038,1056,5573,21,132,178,247,69,150,-44,33.5,566,336,-9999,55,-11.32,393,-0.6,9.5,20.4,9,-12.4,-3.9,5.9,-3.6,-6.5,2.8,13.2,2.7,97,69,140,65,-9999,15.1,20.3,7.7,736,121,0,180,1,110,752,193,2328,1400,453,1393,0,2,15,4,1,19,87,25,83,28,2,37,0,146,327,93,0,95,187,55,53,54,56,57,9.1,-1.66,-14.13,-4.62
"70","1645","2010",52.31035,-123.3448,1158,2.7,14.9,-9.5,24.4,365,171,34.9,87.2,1034,1063,5560,22,133,178,247,68,149,-44,33.5,567,337,-9999,55,-11.51,398,-0.6,9.6,20.4,9.1,-12.4,-3.9,6,-3.5,-6.5,2.8,13.2,2.8,96,69,141,65,-9999,15,20.3,7.7,734,121,0,178,1,111,758,194,2325,1398,447,1390,0,2,16,4,1,19,87,25,82,28,2,37,0,146,328,93,0,95,187,55,53,54,56,57,9.04,-1.71,-14.17,-4.67
"71","1653","2010",52.34728,-124.3464,1133,2.6,14.4,-9.5,24,335,126,37.5,114,1057,1030,5619,19,127,182,245,63,178,-44.4,33.9,580,385,-9999,53,-16.22,374,-0.1,9.3,20.8,9.6,-12.7,-4.5,5,-3.6,-6.4,2.4,12.9,3,107,82,101,64,-9999,15,20,7.3,747,142,0,168,1,101,727,201,2338,1438,478,1365,0,2,13,4,1,17,85,25,89,38,1,49,0,145,339,96,0,88,238,58,50,52,52,55,8.83,0.06,-19.65,-5.47
"72","1657","2010",52.33211,-123.4616,1115,2.8,15,-9.6,24.6,350,162,36.7,92.9,1032,1092,5528,23,133,177,247,70,144,-44.2,33.9,578,357,-9999,54,-14.66,413,-0.5,9.9,20.8,9.3,-12.5,-3.9,5.9,-3.5,-6.5,3,13.4,2.9,92,68,133,63,-9999,15,20,7.3,739,117,0,176,1,117,774,200,2332,1382,434,1379,0,2,17,4,1,20,87,25,79,27,1,37,0,149,335,94,0,99,202,56,52,53,55,56,8.48,-2.16,-15.89,-5.09
"73","1658","2010",52.33104,-123.4507,1119,2.8,15,-9.6,24.6,351,163,36.5,92.1,1033,1085,5531,23,133,177,247,70,144,-44.2,33.9,577,355,-9999,54,-14.38,410,-0.5,9.9,20.8,9.3,-12.6,-3.9,5.9,-3.5,-6.5,3,13.3,2.9,93,69,134,64,-9999,15,20,7.6,739,117,0,176,1,117,768,199,2332,1384,435,1380,0,2,17,4,1,20,87,25,79,27,1,37,0,149,335,94,0,98,201,56,52,53,55,56,8.51,-2.12,-15.72,-5.05
